Health,Vib_acpi_env_ps_spec/BandPower,Vib_acpi_env_tsproc_tsfeat/Minimum,Vib_acpi_env_tsproc_tsfeat/IQR,Vib_acpi_env_res_tsfeat/Q3,Vib_acpi_env_res_tsfeat/IQR,Vib_acpi_env_tsfeat/Q3,Vib_acpi_env_tsfeat/IQR,Ia_env_ps_fault/PeakAmp3,Ia_env_ps_fault/PeakAmp4,Ia_env_ps_fault_1/PeakAmp3,Ia_env_ps_fault_1/PeakAmp4
healthy,0.00241387941415508,-0.058837831380894,0.0333203983188024,0.00845242728216967,0.0339263634319912,0.0697781165429108,0.0345224335606166,0.00197442076772955,0.00197442076772955,0.00197442076772955,0.00197442076772955
healthy,0.00348081872869648,-0.0658295165346021,0.040102069434245,0.0181687498291999,0.0398375489035066,0.0790431210021845,0.0401300419387715,0.00167171306515069,0.00167171306515069,0.00167171306515069,0.00167171306515069
healthy,0.00218469759363966,-0.057095886690657,0.0334804060988244,0.00704917909779767,0.0347081920078334,0.068152922420693,0.0345454379749538,0.00119125690077884,0.00119125690077884,0.00119125690077884,0.00119125690077884
healthy,0.00337518962350903,-0.0587283188708524,0.0390937218383098,0.0150595205436443,0.0396702643678125,0.0760039624285731,0.0390428116768673,0.00220330228286886,0.00220330228286886,0.00220330228286886,0.00220330228286886
healthy,0.00289739414010935,-0.0641460561591773,0.0362037313649781,0.0123877998972241,0.036584562746699,0.0736670647242445,0.037101178592421,0.00201266566421289,0.00201266566421289,0.00201266566421289,0.00201266566421289
healthy,0.0033324189625394,-0.0587950241561301,0.0404036945281833,0.0146655680593598,0.0399628945102402,0.0760842316575102,0.0403555143737541,0.00155369429715115,0.00155369429715115,0.00155369429715115,0.00155369429715115
healthy,0.0023076701192355,-0.0607830081399772,0.0318403470878088,0.00565444859336234,0.0317786801376965,0.0666339113202904,0.031972022748577,0.00147390009082011,0.00147390009082011,0.00147390009082011,0.00147390009082011
healthy,0.00208297716297939,-0.0542981849786156,0.0317493035412944,0.00370614096679528,0.0322255761907417,0.0647866393830974,0.0321581361266075,0.00107096814144564,0.00107096814144564,0.00107096814144564,0.00107096814144564
healthy,0.00198346190558641,-0.0492217702050003,0.0292267126953903,0.000798578382470327,0.0292135024767749,0.0615279170200504,0.0290756264020616,7.71674104555176e-05,7.71674104555176e-05,7.71674104555176e-05,7.71674104555176e-05
healthy,0.00219020581418624,-0.0555767655876849,0.0324144248219032,0.0059188585849837,0.0322758795890967,0.0669955563635811,0.0327913083016293,0.00156217109784551,0.00156217109784551,0.00156217109784551,0.00156217109784551
healthy,0.00263898275429044,-0.0612709052127242,0.0358710354819083,0.00916834129183441,0.0362814543110078,0.070096002616149,0.0368305526266001,0.0025705524130439,0.0025705524130439,0.0025705524130439,0.0025705524130439
healthy,0.00279790615488925,-0.0550661441841701,0.0357855453142117,0.00829944669234091,0.0354262046742897,0.0692964360248793,0.0356867573008564,0.00257325600467479,0.00257325600467479,0.00257325600467479,0.00257325600467479
healthy,0.00250845460509771,-0.0656762457658676,0.038094731295102,0.00823470936090829,0.0359799339707869,0.0691454718038162,0.0365278871303775,0.00209011238412931,0.00209011238412931,0.00209011238412931,0.00209011238412931
healthy,0.00230660119437509,-0.0550988922259821,0.0363401047665567,0.00892467692691313,0.0364932748005682,0.0700636889082145,0.0366041806904075,0.00205684790934105,0.00205684790934105,0.00205684790934105,0.00205684790934105
healthy,0.0024991938142534,-0.0516387642014147,0.0340927650168876,0.00544521959768817,0.0346644486503492,0.0664187343936362,0.0343211092256568,0.00247945641301873,0.00247945641301873,0.00247945641301873,0.00247945641301873
healthy,0.00213164471219091,-0.054278599914786,0.0345036266041667,0.00557943203803674,0.0341867502048391,0.0667801501484894,0.0345891909590359,0.00151492468995324,0.00151492468995324,0.00151492468995324,0.00151492468995324
healthy,0.00230335672781898,-0.0544297045740144,0.0371994372892096,0.0100488392757425,0.0367772270949731,0.0713245156747549,0.0373493168138768,0.0018851847761451,0.0018851847761451,0.0018851847761451,0.0018851847761451
healthy,0.00272049366248499,-0.0551889607460863,0.037107746414644,0.00798575967092466,0.0373629259924799,0.0686824823398532,0.0372487561602121,0.00228885029243944,0.00228885029243944,0.00228885029243944,0.00228885029243944
healthy,0.00264847445424024,-0.0565143669105952,0.0382616278944227,0.00910981432777899,0.0384228409058685,0.0702461499762621,0.0389750622012833,0.00217022108603119,0.00217022108603119,0.00217022108603119,0.00217022108603119
healthy,0.00257464195070401,-0.0662196823648434,0.0325099171711357,0.00425675774134957,0.0342159599711216,0.0649475187515964,0.0339143882091884,0.00307211245530747,0.00307211245530747,0.00307211245530747,0.00307211245530747
healthy,0.00224966958704954,-0.0515724473414473,0.0327111290677477,0.00353767871739869,0.0327306039283367,0.0644615301689563,0.0327056303111153,0.0025224212950684,0.0025224212950684,0.0025224212950684,0.0025224212950684
healthy,0.00232181208459895,-0.0545962566273548,0.0340773300527398,0.00503685395511689,0.0349310732571177,0.0661516406840135,0.0349152985259215,0.00177957789751671,0.00177957789751671,0.00177957789751671,0.00177957789751671
healthy,0.00223703055778661,-0.0503439055882465,0.0322911101559062,0.00202720950585957,0.0329213290014982,0.0629683352772622,0.0325706672324408,0.00185555455466385,0.00185555455466385,0.00185555455466385,0.00185555455466385
healthy,0.00234133988572806,-0.0506648199111298,0.0327682130967669,0.00246490933901169,0.0324032827060191,0.0635586907747302,0.032641704574228,0.00347203070908537,0.00347203070908537,0.00347203070908537,0.00347203070908537
healthy,0.0021140281261578,-0.0517703762419166,0.0310568015724016,0.000591653684065819,0.0307923977788346,0.0615572963441829,0.0312063199983704,0.00256139803520403,0.00256139803520403,0.00256139803520403,0.00256139803520403
healthy,0.00206364874964101,-0.0518072307290664,0.0312926159648436,0.0011590240353509,0.0315256250515318,0.0619935590597392,0.0315303575645499,0.00238018824372756,0.00238018824372756,0.00238018824372756,0.00238018824372756
healthy,0.00254593615512735,-0.0543526919801342,0.0352759134593189,0.00746605225692488,0.0349669849613228,0.0684564961165825,0.0352642704876395,0.00193058991853036,0.00193058991853036,0.00193058991853036,0.00193058991853036
healthy,0.00195782722155494,-0.0480984630755401,0.0314035049655787,0.000378062916539584,0.0311750033249521,0.0615168457690322,0.0314259491771494,0.00256602253068685,0.00256602253068685,0.00256602253068685,0.00256602253068685
healthy,0.00239285205140441,-0.0525224267305019,0.0352738215554096,0.00664252656906904,0.0350077758115711,0.0673068403399384,0.0351566424833631,0.00230289192015779,0.00230289192015779,0.00230289192015779,0.00230289192015779
healthy,0.00238503493161533,-0.0532545697575559,0.0333217758258392,0.00473260364131923,0.0334446651140522,0.0659022156577441,0.0333000435230952,0.00242904605049475,0.00242904605049475,0.00242904605049475,0.00242904605049475
healthy,0.00207655783818074,-0.050226840401718,0.0338878111812737,0.00324829481897601,0.0341386887203266,0.0638164591154335,0.0337229508601774,0.00221830129621898,0.00221830129621898,0.00221830129621898,0.00221830129621898
healthy,0.00205274388181974,-0.0461388482594095,0.0316715623167189,-0.000886676664267593,0.0318778640193977,0.0601116596280396,0.0314784358369811,0.00212376185234718,0.00212376185234718,0.00212376185234718,0.00212376185234718
healthy,0.00210827669557559,-0.0534918662617606,0.0320464249330154,0.00118115925280031,0.0329054025611761,0.0620742785921025,0.0327255307339443,0.00200540870362578,0.00200540870362578,0.00200540870362578,0.00200540870362578
healthy,0.00210536081676807,-0.0534573416595785,0.0304919607040521,-0.00100514099792182,0.0324031293171028,0.0594245528794777,0.0318311585861621,0.00162046578915083,0.00162046578915083,0.00162046578915083,0.00162046578915083
healthy,0.00213268776608596,-0.048821995897183,0.0293753715901139,-0.000255564530064109,0.0291166524823997,0.0609361618749725,0.0295915802633536,0.00169615852476404,0.00169615852476404,0.00169615852476404,0.00169615852476404
healthy,0.00189177156801819,-0.0470231509747078,0.0321422803230556,0.000199780778845991,0.0315800349062497,0.0614974821494664,0.0321346874887014,0.0013544171286532,0.0013544171286532,0.0013544171286532,0.0013544171286532
healthy,0.00203618432941649,-0.0452221905111476,0.0309577355437573,-0.00264678773204588,0.030975928585854,0.0584892342909991,0.0312311813606246,0.0015092236714421,0.0015092236714421,0.0015092236714421,0.0015092236714421
healthy,0.00171924626531004,-0.048107739636515,0.0323540918072421,-0.00173979545932596,0.0312251979704303,0.0594564569257823,0.0317886269212407,0.00180432526154398,0.00180432526154398,0.00180432526154398,0.00180432526154398
healthy,0.0021489357307677,-0.0455209791929227,0.0299257684391134,-0.00224068771400826,0.0303201087583486,0.0587558960952961,0.0299996444586308,0.00168073707878868,0.00168073707878868,0.00168073707878868,0.00168073707878868
healthy,0.0020817926312955,-0.0462547153849409,0.0321997065990124,-0.00098595261332533,0.0322387525077555,0.060121793768219,0.0324370086551145,0.00188066577220382,0.00188066577220382,0.00188066577220382,0.00188066577220382
healthy,0.00221637535207991,-0.0489482888349218,0.0342961763401071,0.0037044502125738,0.0344023410194154,0.0648438156231774,0.0342921745014342,0.00296978441450241,0.00296978441450241,0.00296978441450241,0.00296978441450241
healthy,0.00207883754560434,-0.0475423012451526,0.0325329121256955,0.00189670415013922,0.0325203201382052,0.0629526030914072,0.0324197726903216,0.00119249398384701,0.00119249398384701,0.00119249398384701,0.00119249398384701
healthy,0.00204033436980657,-0.0492759476999048,0.0315919010574886,-0.00131426041274849,0.0316474608076094,0.0595845094288422,0.0316714907603212,0.00317475158794458,0.00317475158794458,0.00317475158794458,0.00317475158794458
healthy,0.00208206985763081,-0.0488604322531719,0.0347967930002073,0.00146103242482962,0.034483345742906,0.0623643139346875,0.034767880771929,0.00183107684637029,0.00183107684637029,0.00183107684637029,0.00183107684637029
healthy,0.00219351696590128,-0.0479534444001105,0.034468105151347,0.00125460709669254,0.0340652003130526,0.062732131706948,0.034571253527586,0.002745234874444,0.002745234874444,0.002745234874444,0.002745234874444
healthy,0.00202631996264828,-0.0483810463366135,0.0344956561725048,0.000710869335364555,0.0341179305340437,0.0621922400321341,0.0341747367724344,0.00339365209359945,0.00339365209359945,0.00339365209359945,0.00339365209359945
healthy,0.00205827441883575,-0.0473922550371222,0.0316551751338843,-3.14027488874102e-05,0.0314464211257784,0.0614141160106647,0.0316422027699966,0.00280612096368733,0.00280612096368733,0.00280612096368733,0.00280612096368733
healthy,0.00216106968939372,-0.0469646422719326,0.0339586390534912,0.00213990129696216,0.0343648446394793,0.0628817004057246,0.0339505944942676,0.00142366706881517,0.00142366706881517,0.00142366706881517,0.00142366706881517
healthy,0.00231149174713325,-0.0515517386184322,0.0338397158610312,0.00457152086875896,0.0334944728556611,0.0654919871512433,0.0338062739607814,0.00316122504134568,0.00316122504134568,0.00316122504134568,0.00316122504134568
healthy,0.00218508140956468,-0.0481949958544243,0.0358408565323291,0.00408574239870992,0.0363289353123839,0.0647838724507349,0.0358812268560098,0.00312042236565945,0.00312042236565945,0.00312042236565945,0.00312042236565945
healthy,0.00219355641578772,-0.050236733712043,0.0320491989142113,0.0030002713260739,0.0317536784825227,0.0641123657238792,0.0320118055853408,0.00241013708970121,0.00241013708970121,0.00241013708970121,0.00241013708970121
healthy,0.00199912518258496,-0.0503359039338621,0.0327986950984274,0.00206760662909753,0.0321860816125812,0.0636041995025603,0.0327177905813352,0.00196785438306603,0.00196785438306603,0.00196785438306603,0.00196785438306603
healthy,0.00213072734306212,-0.0539210228688485,0.0342258519456772,0.00359692141432865,0.0340811655163808,0.0645703331907124,0.0340315722972968,0.00240827660194264,0.00240827660194264,0.00240827660194264,0.00240827660194264
healthy,0.00188840003331936,-0.0505850165210959,0.0325092702522845,0.000571124283016037,0.0323427443606278,0.0614334534554606,0.0323188247772696,0.00214071876807691,0.00214071876807691,0.00214071876807691,0.00214071876807691
healthy,0.00227303493101732,-0.049511280344686,0.0333469231427316,0.00357495138520842,0.033457440841054,0.0644555974738028,0.0333336308218885,0.00242154351538338,0.00242154351538338,0.00242154351538338,0.00242154351538338
healthy,0.00213002441491452,-0.0507729673334109,0.0324418625371999,0.00240163734438358,0.0324117764740135,0.063790310397999,0.0324609137517734,0.00255332990500017,0.00255332990500017,0.00255332990500017,0.00255332990500017
healthy,0.00227789678201619,-0.0507864318740595,0.0344826454507487,0.00466019634499859,0.034384127353683,0.0658683217659885,0.0344630340003831,0.00217467372859908,0.00217467372859908,0.00217467372859908,0.00217467372859908
healthy,0.00233384766843125,-0.0507314785440582,0.0346158904217309,0.00289180221099291,0.0343626100290896,0.0639857051377914,0.0346203306592068,0.00204057478832275,0.00204057478832275,0.00204057478832275,0.00204057478832275
healthy,0.00218703074825256,-0.0516272029188563,0.0347503660927551,0.00521219370733795,0.0341506110143895,0.0663437434587432,0.0346065182232179,0.00230189393560234,0.00230189393560234,0.00230189393560234,0.00230189393560234
healthy,0.00189427570360522,-0.0518878037088962,0.0319744034195643,0.000711712538103357,0.0313702278512195,0.0617948644673033,0.0316783763696619,0.00152602613324523,0.00152602613324523,0.00152602613324523,0.00152602613324523
healthy,0.00200250993997522,-0.0479985673979596,0.0317252560525709,-0.000610207105536498,0.0312116400434958,0.0606221724735516,0.0317908771328482,0.0026437940804013,0.0026437940804013,0.0026437940804013,0.0026437940804013
healthy,0.00205453496982723,-0.0476796458622738,0.0324783318355631,0.00144651283927497,0.0327250304613878,0.0625786413936781,0.0324517070750999,0.00256557248545003,0.00256557248545003,0.00256557248545003,0.00256557248545003
healthy,0.00206921454164464,-0.0480382368213683,0.0341277121668039,0.00228514844715368,0.0338357281396961,0.0636149235332963,0.0341781980839443,0.00256204170835946,0.00256204170835946,0.00256204170835946,0.00256204170835946
healthy,0.00219777578646242,-0.0521669716584554,0.0326234555405117,0.00217185714429039,0.0325532843206419,0.0632069103328533,0.0326357720522792,0.00310069577429568,0.00310069577429568,0.00310069577429568,0.00310069577429568
healthy,0.00209345594515244,-0.0490392437330134,0.0329268150935483,0.000968391777441881,0.032464610018537,0.062038785304014,0.0328316559562841,0.00226653325422035,0.00226653325422035,0.00226653325422035,0.00226653325422035
healthy,0.00220074529654621,-0.048761640542951,0.0325239748985686,0.000896418890060455,0.032088563279343,0.0622538948762946,0.0324419131429906,0.0026308212881321,0.0026308212881321,0.0026308212881321,0.0026308212881321
healthy,0.0020833543010093,-0.0489608498253324,0.0331295211614705,0.00185583972432872,0.0327013146967471,0.0632767682466588,0.0331182728148193,0.00265165808657875,0.00265165808657875,0.00265165808657875,0.00265165808657875
healthy,0.00190213970239074,-0.0469764588791846,0.0332131016732862,-0.00138569536649145,0.0331774807124225,0.0594211768541646,0.0333788231785359,0.00236232868190477,0.00236232868190477,0.00236232868190477,0.00236232868190477
healthy,0.00189545088403843,-0.0462944730332535,0.0346691433702431,-0.0011230361391393,0.0344965626501811,0.0598055484472681,0.0346905953519048,0.00242325568350722,0.00242325568350722,0.00242325568350722,0.00242325568350722
healthy,0.00194663988332066,-0.045368980045465,0.0338159894830486,-0.00140824834536948,0.0333375598023377,0.0599485254044875,0.0337803627496559,0.00259221361265103,0.00259221361265103,0.00259221361265103,0.00259221361265103
healthy,0.00232532212218493,-0.0527144908903377,0.0367892561621089,0.00597460937028033,0.0364024532370364,0.0671479583499266,0.0367670469855551,0.00283890522059064,0.00283890522059064,0.00283890522059064,0.00283890522059064
healthy,0.00238694243904622,-0.0511868538298148,0.0356272777865761,0.00632267917893113,0.0356902327164953,0.0674675203596971,0.0356698466225547,0.00318918343481166,0.00318918343481166,0.00318918343481166,0.00318918343481166
healthy,0.00226033381199971,-0.0529554867127824,0.035655492551348,0.00497531892475811,0.0354249419836667,0.0659898905247234,0.035439560788819,0.00272508266330123,0.00272508266330123,0.00272508266330123,0.00272508266330123
healthy,0.00262341997024553,-0.0536318482754129,0.036658004304581,0.00597509354678509,0.036435043688896,0.0670509242580346,0.0365534385196263,0.00259340055292339,0.00259340055292339,0.00259340055292339,0.00259340055292339
healthy,0.0022112874722591,-0.0505570071684417,0.0371398913173003,0.00542615665408483,0.0365210594522913,0.0670782089284369,0.0371895992010086,0.0026614293753236,0.0026614293753236,0.0026614293753236,0.0026614293753236
healthy,0.00231803718336869,-0.0491253132390884,0.0355001589971766,0.0029870450799738,0.0350552288728346,0.0643181564996354,0.0353275241446453,0.00311123504599655,0.00311123504599655,0.00311123504599655,0.00311123504599655
healthy,0.00205537787174072,-0.0493690096751036,0.0365615537202149,0.00351187123691997,0.0361490601287141,0.0645129160369525,0.0362603760455859,0.00271501177545445,0.00271501177545445,0.00271501177545445,0.00271501177545445
healthy,0.00229624870753421,-0.050832597834258,0.0382644639859282,0.00621282822209976,0.0382711432077672,0.0672759693794726,0.0384441839337536,0.0029307089222578,0.0029307089222578,0.0029307089222578,0.0029307089222578
healthy,0.00238685385577283,-0.0529897945651851,0.0394047112581013,0.00647192149090434,0.0395717705510766,0.0674021523138524,0.0396013105388487,0.00253894643473465,0.00253894643473465,0.00253894643473465,0.00253894643473465
healthy,0.00253857931520142,-0.0499455484281245,0.0382310773641288,0.00600892671343694,0.0381718126327025,0.0672496129324276,0.0382149967877462,0.00295906302208927,0.00295906302208927,0.00295906302208927,0.00295906302208927
broken_bar_1,0.00943217211793585,-0.102432069945783,0.0519665677097434,0.0659973753322756,0.0520313896499201,0.127065701941876,0.051747588708777,0.000932997143018874,0.000932997143018874,0.000932997143018874,0.000932997143018874
broken_bar_1,0.00998184909719581,-0.111380943692076,0.0619973532723514,0.0745070640465717,0.061372891657033,0.135478988186477,0.0615129375243612,0.00120202589976144,0.00120202589976144,0.00120202589976144,0.00120202589976144
broken_bar_1,0.00942305136027647,-0.103162767287501,0.0659838453014031,0.066985767624407,0.0704835581643224,0.128387969684972,0.0711631257374563,0.000906153274382338,0.000906153274382338,0.000906153274382338,0.000906153274382338
broken_bar_1,0.00988989054110839,-0.110739342732104,0.0613997479128008,0.0768791477049607,0.0635213134335626,0.137793035269226,0.0638909454020334,0.00195984082462689,0.00195984082462689,0.00195984082462689,0.00195984082462689
broken_bar_1,0.00608505558395962,-0.0881642922504895,0.052267926662155,0.0493128067187071,0.052681371961381,0.109985984499009,0.0525870192876932,0.00173027155359551,0.00173027155359551,0.00173027155359551,0.00173027155359551
broken_bar_1,0.00549612389443744,-0.0904301293134118,0.0463006557064825,0.0441235525473278,0.0478833616118986,0.105019274749615,0.0482999001437564,0.00127641873541524,0.00127641873541524,0.00127641873541524,0.00127641873541524
broken_bar_1,0.00533687690510526,-0.0854920021781934,0.0459024207031142,0.0359897830334004,0.0431572919061466,0.0970167626225576,0.0433416641594327,0.00232590984570536,0.00232590984570536,0.00232590984570536,0.00232590984570536
broken_bar_1,0.00685271231724106,-0.0943745758452281,0.0491429933186304,0.0547061216192765,0.0519156541186282,0.11473139083449,0.0507371624558072,0.00123070749932091,0.00123070749932091,0.00123070749932091,0.00123070749932091
broken_bar_1,0.00541738109536686,-0.0846276384548981,0.0481962033819479,0.0421299156696225,0.0490523336611609,0.102935611721928,0.0493015202025829,0.00207130548339751,0.00207130548339751,0.00207130548339751,0.00207130548339751
broken_bar_1,0.00512903643797557,-0.0807485255478688,0.0456087792025529,0.0394247598152799,0.0468468976570401,0.0996071642868802,0.0459920002622203,0.00188698464637957,0.00188698464637957,0.00188698464637957,0.00188698464637957
broken_bar_1,0.00556313579040997,-0.0799638849448407,0.0553070193676377,0.0447048318709114,0.055378747158491,0.105947037512521,0.055356670094652,0.00336699563207495,0.00336699563207495,0.00336699563207495,0.00336699563207495
broken_bar_1,0.00581187373909486,-0.0839665254765174,0.0587102122133396,0.0475172611358978,0.0589707224036314,0.10823809950269,0.058756515089897,0.00387489143829456,0.00387489143829456,0.00387489143829456,0.00387489143829456
broken_bar_1,0.00586434677788506,-0.0822725377882777,0.0549313120164918,0.044666932830347,0.0553978844039794,0.105979167775884,0.0553147062354947,0.00351209558942123,0.00351209558942123,0.00351209558942123,0.00351209558942123
broken_bar_1,0.00572119583266896,-0.0798506300588321,0.0490912461618354,0.0430628191506606,0.0500074943540325,0.103943988291535,0.049377140562718,0.00350487620851229,0.00350487620851229,0.00350487620851229,0.00350487620851229
broken_bar_1,0.00583527171080887,-0.0840130589713867,0.0538006729460102,0.0471774273878377,0.054013066530412,0.107735118184767,0.0537091991315275,0.00326042416571754,0.00326042416571754,0.00326042416571754,0.00326042416571754
broken_bar_1,0.00642309593813779,-0.0859602730988069,0.052524129597879,0.0460743099893691,0.0525520709951341,0.1067754825427,0.0526058820986877,0.00390972505135132,0.00390972505135132,0.00390972505135132,0.00390972505135132
broken_bar_1,0.00686949737536538,-0.0969418855846104,0.0539164722125397,0.0502904256416399,0.0537247585494149,0.111084100405578,0.0542670013813946,0.00372449312754164,0.00372449312754164,0.00372449312754164,0.00372449312754164
broken_bar_1,0.00614448020003507,-0.0860637306786062,0.0536701150375172,0.0498249836407478,0.0519837303835538,0.110859151144432,0.0519255442066446,0.00305448004161126,0.00305448004161126,0.00305448004161126,0.00305448004161126
broken_bar_1,0.00684467218704922,-0.0934588188907053,0.0521080869442135,0.0497510225285497,0.0530102475030715,0.111254495547861,0.0525526065920909,0.00377378530083284,0.00377378530083284,0.00377378530083284,0.00377378530083284
broken_bar_1,0.00624339496144727,-0.0921506207892572,0.0496313835646726,0.0465613472378954,0.0495896428234225,0.10781043527914,0.0495499098530176,0.00355292594573891,0.00355292594573891,0.00355292594573891,0.00355292594573891
broken_bar_1,0.00590412760312062,-0.0784199994102841,0.0538222230608054,0.0451917976760406,0.0542130292337852,0.105992077402906,0.0536889242042596,0.00463340889468419,0.00463340889468419,0.00463340889468419,0.00463340889468419
broken_bar_1,0.00556919605347473,-0.0828315957287755,0.0497329345596378,0.0417651007758857,0.0494415988014324,0.102871897051128,0.050079679703782,0.00419668818551899,0.00419668818551899,0.00419668818551899,0.00419668818551899
broken_bar_1,0.00609483933053254,-0.0862174150773554,0.0554513121513526,0.0463887692654285,0.0550923482286906,0.107116052184489,0.0551372409896654,0.00440974019469671,0.00440974019469671,0.00440974019469671,0.00440974019469671
broken_bar_1,0.00591573094120246,-0.0875370142824533,0.0566857749226468,0.0461639273312174,0.0562409088378705,0.106930270939333,0.055987103704843,0.00424168114041132,0.00424168114041132,0.00424168114041132,0.00424168114041132
broken_bar_1,0.00582905554404246,-0.0851291362484528,0.0549964827397054,0.0454248025186011,0.0550067891285195,0.106178588707661,0.0548865344454989,0.00375686671633981,0.00375686671633981,0.00375686671633981,0.00375686671633981
broken_bar_1,0.00583914815724052,-0.0826375906008949,0.0542677093865923,0.0431921091500214,0.0535697243168586,0.104395514068444,0.0540995351207512,0.00316046070721767,0.00316046070721767,0.00316046070721767,0.00316046070721767
broken_bar_1,0.00615331171987102,-0.0843913255657554,0.0547010796573764,0.0484309982588959,0.0542067304413002,0.109588770083825,0.0544621565352342,0.00263253465898251,0.00263253465898251,0.00263253465898251,0.00263253465898251
broken_bar_1,0.00606439686321847,-0.0893613315179476,0.0535442218577011,0.0459560758801172,0.05375557740817,0.106922473964221,0.0534755837828442,0.00298785347757546,0.00298785347757546,0.00298785347757546,0.00298785347757546
broken_bar_1,0.00622379847436546,-0.0890602738830195,0.0553558271855777,0.0485932368386286,0.0555576342370737,0.109585529252525,0.0554053394161832,0.00421640442741328,0.00421640442741328,0.00421640442741328,0.00421640442741328
broken_bar_1,0.00597064592735628,-0.0860187039326427,0.0550475724780188,0.0469427970997643,0.0538108936493856,0.108169360107746,0.0543386923502181,0.00326749061727532,0.00326749061727532,0.00326749061727532,0.00326749061727532
broken_bar_1,0.0046674627699654,-0.0772049586811528,0.0493326616659675,0.035277829611767,0.0493720888907442,0.0965624881449242,0.0495411061798194,0.0043563081630592,0.0043563081630592,0.0043563081630592,0.0043563081630592
broken_bar_1,0.00473494658411994,-0.0762388430643302,0.0482724263341691,0.0352514601110075,0.0484711596960905,0.0964644687912079,0.0483126732574504,0.004049384049693,0.004049384049693,0.004049384049693,0.004049384049693
broken_bar_1,0.00487819829766141,-0.0776720254162912,0.0480690590594403,0.0362957633009126,0.048024031787485,0.0974700915959675,0.0480345135824458,0.0031580190069405,0.0031580190069405,0.0031580190069405,0.0031580190069405
broken_bar_1,0.00516610534332592,-0.0774712167164762,0.046121845888225,0.0351370601417488,0.0462564204787505,0.0957383763244593,0.0458203313342426,0.00398502063587415,0.00398502063587415,0.00398502063587415,0.00398502063587415
broken_bar_1,0.00502530636732699,-0.0834289199129443,0.0493356712401213,0.0374683462163601,0.0487885387260318,0.0983261148909199,0.0488235032384667,0.00458419814827267,0.00458419814827267,0.00458419814827267,0.00458419814827267
broken_bar_1,0.00494008869138819,-0.0810546713668181,0.0473096895731709,0.0369104197448031,0.0471568079023931,0.0978350731733815,0.0473002771733691,0.00443365252754505,0.00443365252754505,0.00443365252754505,0.00443365252754505
broken_bar_1,0.00530212927673866,-0.0756208846276439,0.0473543677877035,0.0356515588009499,0.0473373492270361,0.0966473908991436,0.0471440995308037,0.00436704533808259,0.00436704533808259,0.00436704533808259,0.00436704533808259
broken_bar_1,0.00510386007563994,-0.0863556439971986,0.0502552131498604,0.0389965871184985,0.0513162156255966,0.0997006656292518,0.0511936640706206,0.00427320703416944,0.00427320703416944,0.00427320703416944,0.00427320703416944
broken_bar_1,0.00525274943609096,-0.0844571965983518,0.0499461117082112,0.0374840604533314,0.0486186697250477,0.0984925015125024,0.0487516415421959,0.00559651092463329,0.00559651092463329,0.00559651092463329,0.00559651092463329
broken_bar_1,0.00543247282864705,-0.0815788802988579,0.0509173852640307,0.0422102856091737,0.0507510970990014,0.103251292672746,0.0510596077649884,0.00334172728441537,0.00334172728441537,0.00334172728441537,0.00334172728441537
broken_bar_1,0.00597233077816274,-0.0822662526172945,0.0479080244438498,0.0402852522058972,0.0477605636348725,0.101322284492488,0.0480383362888632,0.00533043137381097,0.00533043137381097,0.00533043137381097,0.00533043137381097
broken_bar_1,0.00621808793759978,-0.0908160837342623,0.0524123514961819,0.0476492175386291,0.0522128698042521,0.108916191198647,0.052551180424656,0.00529308252584643,0.00529308252584643,0.00529308252584643,0.00529308252584643
broken_bar_1,0.00605886760401072,-0.0860341195451423,0.0502419957121981,0.0450270956785754,0.0500811767584981,0.106112362790701,0.0501662914244603,0.0063804319909643,0.0063804319909643,0.0063804319909643,0.0063804319909643
broken_bar_1,0.00662312043070036,-0.0875733810228767,0.0543491883827142,0.0477299465107126,0.0537247035461519,0.108780708183047,0.0543536705915731,0.00485055214156127,0.00485055214156127,0.00485055214156127,0.00485055214156127
broken_bar_1,0.00667925959401048,-0.0869183421207575,0.0541732350901236,0.0495687967745055,0.0542584086674539,0.110475873266987,0.0539472761874261,0.00432508500750553,0.00432508500750553,0.00432508500750553,0.00432508500750553
broken_bar_1,0.00620352323721799,-0.0827279827143498,0.0515254806054192,0.0453557042859685,0.0520114337191849,0.106735212924136,0.051756133413545,0.00584672756895654,0.00584672756895654,0.00584672756895654,0.00584672756895654
broken_bar_1,0.00611571067408787,-0.0840207013258581,0.0494058258242301,0.0439614880140861,0.0492494756986676,0.104788544456744,0.0493212189397928,0.0052415783823227,0.0052415783823227,0.0052415783823227,0.0052415783823227
broken_bar_1,0.0062435711155069,-0.0818790904349382,0.0532768206116799,0.0466539052310982,0.0539540197066782,0.10741896413611,0.0533030390101957,0.00575991203521278,0.00575991203521278,0.00575991203521278,0.00575991203521278
broken_bar_1,0.00595028166596056,-0.0841446421129033,0.0487533195498314,0.042884412504704,0.0489474296997414,0.103852430019308,0.0488487346460719,0.0060570969068228,0.0060570969068228,0.0060570969068228,0.0060570969068228
broken_bar_1,0.00608781369201885,-0.0870183033112655,0.0513950573430464,0.0472590498037837,0.0508466781260854,0.108397096785815,0.0513780802328883,0.00584993253425009,0.00584993253425009,0.00584993253425009,0.00584993253425009
broken_bar_1,0.00613676450448866,-0.0810232032327072,0.0495301069965486,0.0421053248988492,0.0492299166203878,0.103446642441802,0.0494791578321356,0.00547461914246746,0.00547461914246746,0.00547461914246746,0.00547461914246746
broken_bar_1,0.00633662713248766,-0.0842346459691344,0.0489344805068828,0.0426373171914518,0.0486586350390192,0.104151000731563,0.0491315270616619,0.00578023224020173,0.00578023224020173,0.00578023224020173,0.00578023224020173
broken_bar_1,0.00653363652046103,-0.0833901438673879,0.0514853991381529,0.0449865182531069,0.0520689693213195,0.106086893218191,0.0519792051233053,0.00624047359870339,0.00624047359870339,0.00624047359870339,0.00624047359870339
broken_bar_1,0.00616125705296722,-0.0880510254547528,0.0496482440472848,0.0458406412831584,0.0494416065166195,0.106896170367272,0.0494737190484233,0.0068999361098975,0.0068999361098975,0.0068999361098975,0.0068999361098975
broken_bar_1,0.00657496736135428,-0.0876930201386133,0.0525480897629088,0.0484095232508913,0.052957064178714,0.108984764137209,0.0527217398973027,0.00588038848740731,0.00588038848740731,0.00588038848740731,0.00588038848740731
broken_bar_1,0.00651908200810276,-0.0896730323559228,0.0489342671989431,0.0453353243931146,0.0496245591204316,0.106110863258303,0.0491392963186225,0.00592637592748008,0.00592637592748008,0.00592637592748008,0.00592637592748008
broken_bar_1,0.00601099568834068,-0.0837657185151002,0.0483772045607197,0.0445133698309849,0.048493619188505,0.105569995732491,0.048423676657503,0.00543468282068955,0.00543468282068955,0.00543468282068955,0.00543468282068955
broken_bar_1,0.00599547187749977,-0.0860695604859735,0.048778560886663,0.041924649311562,0.0488358530439801,0.103708962242376,0.0493111094266967,0.00578855447237094,0.00578855447237094,0.00578855447237094,0.00578855447237094
broken_bar_1,0.00663832896138446,-0.0864543000067247,0.0517729641192618,0.0471300517621027,0.0515230492953522,0.108185448445218,0.0519661951869528,0.00666331842605314,0.00666331842605314,0.00666331842605314,0.00666331842605314
broken_bar_1,0.0050939910751355,-0.0783794271178114,0.0499518541820074,0.0357213822436853,0.0490841398520767,0.0967233255247042,0.049490209942214,0.00596915182993911,0.00596915182993911,0.00596915182993911,0.00596915182993911
broken_bar_1,0.00562722974191002,-0.0860001435324826,0.0488220267070179,0.0423309883304835,0.0490012989460375,0.103319270697158,0.0490662910015725,0.00620031938717035,0.00620031938717035,0.00620031938717035,0.00620031938717035
broken_bar_1,0.00520504258654043,-0.0767829815434654,0.0469147174816126,0.034630516221729,0.0467278604018777,0.0955092208888276,0.046973635811201,0.00683306833984924,0.00683306833984924,0.00683306833984924,0.00683306833984924
broken_bar_1,0.0058187777288311,-0.083930662870267,0.0490355570667774,0.0408218345384243,0.0489887350274854,0.10181943700834,0.0492163937388136,0.0062219575337142,0.0062219575337142,0.0062219575337142,0.0062219575337142
broken_bar_1,0.00576333231348364,-0.0815981510887916,0.0501063891849658,0.0410901145985734,0.0499518499118523,0.102197290852665,0.0499991186567436,0.0065447204044865,0.0065447204044865,0.0065447204044865,0.0065447204044865
broken_bar_1,0.00594460214117418,-0.079814688396703,0.0490563235482769,0.0411313523425003,0.0498613439515871,0.102179380227093,0.049057365373814,0.00684172071326372,0.00684172071326372,0.00684172071326372,0.00684172071326372
broken_bar_1,0.00584195704129954,-0.0813964432410881,0.0490288413375727,0.0383741085288362,0.0485154000514296,0.0995400051669761,0.0488496181200328,0.00652990414064688,0.00652990414064688,0.00652990414064688,0.00652990414064688
broken_bar_1,0.00522944449585311,-0.0748297274256331,0.0499706561285116,0.0347466570322234,0.0498278456687278,0.0958716220301994,0.0500811140564158,0.00637987748317209,0.00637987748317209,0.00637987748317209,0.00637987748317209
broken_bar_1,0.00592444583127112,-0.0814008353572365,0.0529985571429379,0.0412504866872641,0.0524008620583827,0.10265248315986,0.053020359536165,0.00599683618535035,0.00599683618535035,0.00599683618535035,0.00599683618535035
broken_bar_1,0.00551419654618336,-0.0801121224813989,0.0477863757700527,0.0377466597339496,0.0477069983079811,0.0984895090528574,0.0478210467665964,0.00643482723767071,0.00643482723767071,0.00643482723767071,0.00643482723767071
broken_bar_1,0.00581463727878641,-0.0841455812462594,0.0524042690458185,0.0428997049339431,0.0519556644994189,0.104259758751659,0.0526381638827687,0.00655866139477698,0.00655866139477698,0.00655866139477698,0.00655866139477698
broken_bar_1,0.00554825732409751,-0.0825582008154922,0.0543382044803808,0.0422159324411288,0.0539518782032624,0.103152363576231,0.0543114621914789,0.00613423913055947,0.00613423913055947,0.00613423913055947,0.00613423913055947
broken_bar_1,0.00595185512700299,-0.0791620765918107,0.0537220915334032,0.0440481942247997,0.0547358133528041,0.104438038352472,0.0536564054432037,0.00628949286882324,0.00628949286882324,0.00628949286882324,0.00628949286882324
broken_bar_1,0.00596031157529785,-0.0814170940230011,0.0554666973730675,0.0453320370472164,0.0549679538593843,0.106217186315449,0.0554498817609014,0.00578463799784482,0.00578463799784482,0.00578463799784482,0.00578463799784482
broken_bar_1,0.00553247067300925,-0.0776391538158128,0.0530271025665017,0.0395185201363762,0.0526059857192763,0.101108375385869,0.0530547305165431,0.00616028437121409,0.00616028437121409,0.00616028437121409,0.00616028437121409
broken_bar_1,0.00600612252970568,-0.0831354699005052,0.0558603384098197,0.046041016320011,0.0550923760173237,0.107554372149855,0.0559695719431295,0.00602572193781067,0.00602572193781067,0.00602572193781067,0.00602572193781067
broken_bar_1,0.00603732857504394,-0.0837075017163546,0.0541320801353262,0.0462793516333116,0.054102200938381,0.107422836130852,0.0541368623918155,0.00550718822549583,0.00550718822549583,0.00550718822549583,0.00550718822549583
broken_bar_1,0.00632139265313486,-0.0864268936087359,0.0542329123144776,0.0494200518556944,0.0548341508564731,0.110479697120662,0.0545107059981309,0.00578010055948704,0.00578010055948704,0.00578010055948704,0.00578010055948704
broken_bar_1,0.00592569496724463,-0.0803996450951621,0.0542248197489953,0.0439105179472027,0.0539194960157277,0.105160249293116,0.05406910832821,0.00604582008001186,0.00604582008001186,0.00604582008001186,0.00604582008001186
broken_bar_1,0.00608231727463044,-0.0842435321338074,0.0556541183252692,0.04659890970177,0.0554705519861824,0.107770335274154,0.0556636209014296,0.00630115320061799,0.00630115320061799,0.00630115320061799,0.00630115320061799
broken_bar_1,0.00613630681811261,-0.0874004958544272,0.054019488446765,0.0482947971124066,0.0534957754197862,0.109516421899594,0.0541572108918776,0.0065191308895342,0.0065191308895342,0.0065191308895342,0.0065191308895342
broken_bar_2,0.00266866357949088,-0.0610463431010993,0.0289285575915479,0.0107796693867061,0.0279804286400096,0.0717556662628807,0.0286232816834805,0.00263236738941595,0.00263236738941595,0.00263236738941595,0.00263236738941595
broken_bar_2,0.00278374744101568,-0.0574784676089474,0.02568192279154,0.0123582885312302,0.0271017851229348,0.0731325658545926,0.0269643772005585,0.0025218751829644,0.0025218751829644,0.0025218751829644,0.0025218751829644
broken_bar_2,0.00311586282059585,-0.0632153519298355,0.0281065446672786,0.014095124382321,0.0278179428356943,0.0750143995838531,0.028072093088098,0.0032823097646098,0.0032823097646098,0.0032823097646098,0.0032823097646098
broken_bar_2,0.00259066981781425,-0.0569083393978668,0.0271919584681508,0.00989396781611864,0.0276221553711999,0.0709402292959159,0.0277858329175514,0.00249778719904202,0.00249778719904202,0.00249778719904202,0.00249778719904202
broken_bar_2,0.00289992117775274,-0.0595227445588822,0.0271851275010417,0.0117084256649428,0.0271501835447286,0.0727494651059599,0.0269631633460891,0.00309107707911022,0.00309107707911022,0.00309107707911022,0.00309107707911022
broken_bar_2,0.00296383896864052,-0.0552550086854931,0.02722287263735,0.0123632754095352,0.0276834936911803,0.0731390342070336,0.0274392452737569,0.00300975090482521,0.00300975090482521,0.00300975090482521,0.00300975090482521
broken_bar_2,0.00327978058044331,-0.0568946523610881,0.0270551063543097,0.0150350689443701,0.0282300789664612,0.0757448108035874,0.0283107747771265,0.00148979315108706,0.00148979315108706,0.00148979315108706,0.00148979315108706
broken_bar_2,0.0029536159397468,-0.0629207285800679,0.0294329255249917,0.0138592773513675,0.028949020131142,0.0747207399725104,0.0290815465711702,0.00300400770318546,0.00300400770318546,0.00300400770318546,0.00300400770318546
broken_bar_2,0.00286150720956731,-0.0629551986889876,0.0268598467778859,0.0110650190084471,0.0269555578215956,0.0717177351605505,0.0270110500959846,0.00333849221559631,0.00333849221559631,0.00333849221559631,0.00333849221559631
broken_bar_2,0.00237985584995086,-0.0537171113438294,0.026577197677727,0.00454079316846807,0.0269342799264338,0.065323694028378,0.0268896745627522,0.00245996067325177,0.00245996067325177,0.00245996067325177,0.00245996067325177
broken_bar_2,0.00230960849728306,-0.0577886011206012,0.0254101272730013,0.00523247207273094,0.0252238464750544,0.0659236320112288,0.0254521633144416,0.00428140248027832,0.00428140248027832,0.00428140248027832,0.00428140248027832
broken_bar_2,0.00240028702481477,-0.0532444435080793,0.0254664459639378,0.00433443475302161,0.0254042591820425,0.0653470404515077,0.0255351676977578,0.00363377691217179,0.00363377691217179,0.00363377691217179,0.00363377691217179
broken_bar_2,0.00240857829348769,-0.0583069781211697,0.0270404815934861,0.00540976998668733,0.0265383104408949,0.0660301619358081,0.0264445608643558,0.0029583009535069,0.0029583009535069,0.0029583009535069,0.0029583009535069
broken_bar_2,0.00238813382884706,-0.066118567584625,0.0281526824598171,0.00653559915713634,0.027217776390351,0.0671361484948487,0.0272655321535102,0.00353776925809813,0.00353776925809813,0.00353776925809813,0.00353776925809813
broken_bar_2,0.00217263092719361,-0.0580959338335155,0.0252849383033734,0.00274199910538388,0.0250614704871609,0.0630150934718553,0.0245160033182566,0.00350392352292573,0.00350392352292573,0.00350392352292573,0.00350392352292573
broken_bar_2,0.00223477798000192,-0.0529983927500937,0.0265436817568788,0.00393710457072966,0.0267988695360704,0.0648325755390018,0.026981658022053,0.00321276046995533,0.00321276046995533,0.00321276046995533,0.00321276046995533
broken_bar_2,0.00219426141472691,-0.0551849002283749,0.0274540510553247,0.0046626157253374,0.0275615592660613,0.0655021523714781,0.027449874003198,0.00317012802673939,0.00317012802673939,0.00317012802673939,0.00317012802673939
broken_bar_2,0.00217780812106029,-0.0548710241173535,0.024404124297582,0.0024124077926317,0.0238302019561178,0.0631777446127282,0.023929142797498,0.00369135348631228,0.00369135348631228,0.00369135348631228,0.00369135348631228
broken_bar_2,0.0021053557300593,-0.0531656707945325,0.026515752647939,0.00337922282192102,0.02658790719578,0.0641454946083665,0.0267134326518756,0.00393299253799358,0.00393299253799358,0.00393299253799358,0.00393299253799358
broken_bar_2,0.00224329845565132,-0.0532669685483902,0.0264074994458473,0.00312467418567567,0.0258681740970794,0.0640113086017798,0.0261265890873925,0.00247550559409024,0.00247550559409024,0.00247550559409024,0.00247550559409024
broken_bar_2,0.00160308000294934,-0.0442541030173087,0.0266981672207997,-0.00515966326652333,0.0263347569913468,0.0560074425794409,0.0266423740066714,0.00325239504381272,0.00325239504381272,0.00325239504381272,0.00325239504381272
broken_bar_2,0.00186045800664096,-0.0479235967537466,0.0277358978905904,-0.00188575781224447,0.0276359434412131,0.0589944168707729,0.0277122772004278,0.00483585492752607,0.00483585492752607,0.00483585492752607,0.00483585492752607
broken_bar_2,0.00173295170263059,-0.0467951043218814,0.02519871982803,-0.00415494898510912,0.0253281378361443,0.0568753641815958,0.0252548700170014,0.00410461634547485,0.00410461634547485,0.00410461634547485,0.00410461634547485
broken_bar_2,0.00158026382759035,-0.0500376658281572,0.0250047032606379,-0.00492537338188518,0.0248154373534102,0.0559475173707792,0.0250217189663846,0.00331908227582518,0.00331908227582518,0.00331908227582518,0.00331908227582518
broken_bar_2,0.00169703718287169,-0.0448041035612178,0.0259726102931502,-0.00467741901698057,0.026573046846537,0.0562178751616502,0.0262628464940391,0.00472646300395729,0.00472646300395729,0.00472646300395729,0.00472646300395729
broken_bar_2,0.00171777017520412,-0.0454002265216321,0.027160237407758,-0.0041088043765935,0.0276210606179666,0.0567754431502209,0.0273293695064351,0.00353705407958012,0.00353705407958012,0.00353705407958012,0.00353705407958012
broken_bar_2,0.00169116200087885,-0.0439155421445149,0.025548648147692,-0.004864602372732,0.0256803118933879,0.0560796975255559,0.025595261457916,0.00349376441389087,0.00349376441389087,0.00349376441389087,0.00349376441389087
broken_bar_2,0.00179287524101254,-0.0475406318954481,0.0265361282570833,-0.00229143133105479,0.0265907779801497,0.0583561888848907,0.0260997451953212,0.00322426872779327,0.00322426872779327,0.00322426872779327,0.00322426872779327
broken_bar_2,0.00165205944783331,-0.045094932109889,0.0256941823362048,-0.00429927624814744,0.0257413328477318,0.0566584438540983,0.0256505648001549,0.0043349127617168,0.0043349127617168,0.0043349127617168,0.0043349127617168
broken_bar_2,0.00157840085732056,-0.044235460019145,0.0257972876495059,-0.00519275744660869,0.0260505055345296,0.0558663872607885,0.0261023719606602,0.00432119470712237,0.00432119470712237,0.00432119470712237,0.00432119470712237
broken_bar_2,0.00148262245281044,-0.0453145113044484,0.0296909073222251,-0.00637131860390496,0.0292303905901661,0.0547518798222432,0.0295400034992046,0.00336745940909367,0.00336745940909367,0.00336745940909367,0.00336745940909367
broken_bar_2,0.00153921358296862,-0.0408196220622623,0.0296878913430441,-0.00631874096749413,0.0297850779866258,0.0546681931604784,0.0297762532458767,0.0036936772056395,0.0036936772056395,0.0036936772056395,0.0036936772056395
broken_bar_2,0.00156544661063721,-0.0426057308629371,0.0278628001512588,-0.00672170213617147,0.0286166624415945,0.054100390609813,0.0283467412022795,0.00346621985348606,0.00346621985348606,0.00346621985348606,0.00346621985348606
broken_bar_2,0.00152490274325585,-0.0445557970568436,0.0287602729163441,-0.00721365498464376,0.0284908299810722,0.0537274109679579,0.0287030562439848,0.00331439765619564,0.00331439765619564,0.00331439765619564,0.00331439765619564
broken_bar_2,0.00150320490858198,-0.0443298201453666,0.0281001496286472,-0.00668467468217191,0.0276924319899895,0.0544086105148509,0.0279222707608761,0.00410156460003888,0.00410156460003888,0.00410156460003888,0.00410156460003888
broken_bar_2,0.0014495742633071,-0.044557073796421,0.0284058716249539,-0.00759478648115872,0.0290581956063814,0.0532508668789201,0.029118498087369,0.00310014824905492,0.00310014824905492,0.00310014824905492,0.00310014824905492
broken_bar_2,0.00150510964893252,-0.042626247850344,0.0277075028843931,-0.00811794502754549,0.0276166245386116,0.0528452816759396,0.0275389928426881,0.00308670898326056,0.00308670898326056,0.00308670898326056,0.00308670898326056
broken_bar_2,0.00150172370565173,-0.0404164286038018,0.0301613346674714,-0.00692265685407827,0.0301235752238591,0.0540067262720495,0.0301632374811171,0.00396680860187952,0.00396680860187952,0.00396680860187952,0.00396680860187952
broken_bar_2,0.0015025616446736,-0.0404935050633506,0.0294206298259017,-0.00750131299203139,0.0294682355528053,0.0535889666244781,0.0293961880318996,0.00302416275613229,0.00302416275613229,0.00302416275613229,0.00302416275613229
broken_bar_2,0.00157165511376028,-0.0443121195713299,0.0275144105649774,-0.00698123252460714,0.0275895362583356,0.0540027356027798,0.0278475013870738,0.0036707852376538,0.0036707852376538,0.0036707852376538,0.0036707852376538
broken_bar_2,0.00145666583155039,-0.0410166232970818,0.0287561003156103,-0.00825363566672782,0.0290323603595604,0.0523334701976419,0.0289429972630592,0.00420798921013584,0.00420798921013584,0.00420798921013584,0.00420798921013584
broken_bar_2,0.00140334080409398,-0.0411986646260745,0.0288432427882351,-0.00869749160045707,0.0287524321105839,0.0524336537524499,0.0289346322771637,0.00384874365121836,0.00384874365121836,0.00384874365121836,0.00384874365121836
broken_bar_2,0.00161883672234141,-0.0444473496053368,0.0302365734153993,-0.00531077550034069,0.0299409837269743,0.0556149427873016,0.0300925081304983,0.0044654413619764,0.0044654413619764,0.0044654413619764,0.0044654413619764
broken_bar_2,0.00161025296428779,-0.0431781623238793,0.0314062561975769,-0.00447018411330184,0.0316854334294209,0.05646555747392,0.0314141658191084,0.00368500600856864,0.00368500600856864,0.00368500600856864,0.00368500600856864
broken_bar_2,0.00159297725307597,-0.0429889424075392,0.0309323039658671,-0.00576290259042612,0.0304769524423207,0.0555427357893738,0.0308265319018219,0.00371589145527798,0.00371589145527798,0.00371589145527798,0.00371589145527798
broken_bar_2,0.00164194582713842,-0.0439887452543175,0.0296101815519719,-0.00462322498379516,0.029675035371941,0.0561356795447451,0.029562125912961,0.00443615882347857,0.00443615882347857,0.00443615882347857,0.00443615882347857
broken_bar_2,0.0014691448719283,-0.040607675721786,0.0297508309183228,-0.00768690282830211,0.0299921147136642,0.0531998915341728,0.0297698585172006,0.00344727652598901,0.00344727652598901,0.00344727652598901,0.00344727652598901
broken_bar_2,0.00155264406003171,-0.0422518201252308,0.0294260501306232,-0.00588622255219911,0.0292923909337889,0.0548041958272847,0.0294504334980624,0.00447553052155415,0.00447553052155415,0.00447553052155415,0.00447553052155415
broken_bar_2,0.00153236428846476,-0.0436591614028219,0.029659640620601,-0.00599172198279729,0.0297143993168256,0.0549265841872582,0.0293681432612843,0.0046414832074442,0.0046414832074442,0.0046414832074442,0.0046414832074442
broken_bar_2,0.00170677481056643,-0.0450466604629055,0.029268569158096,-0.00358483474328034,0.0294371662660491,0.0571509417161174,0.0295513379837305,0.00426864252158047,0.00426864252158047,0.00426864252158047,0.00426864252158047
broken_bar_2,0.00172607898974396,-0.0459182075410836,0.0321970849047183,-0.00366732679619468,0.0317005013775661,0.0572933434774599,0.0317412936206661,0.00398643677154665,0.00398643677154665,0.00398643677154665,0.00398643677154665
broken_bar_2,0.0015785249982305,-0.0405235823330849,0.0306726506561848,-0.00656084199610078,0.0303423752449501,0.0545837665510234,0.0308451938647594,0.00428247207524227,0.00428247207524227,0.00428247207524227,0.00428247207524227
broken_bar_2,0.00158993607209232,-0.0423769766972316,0.0305154729799259,-0.00605981245233024,0.0303804533333315,0.0548251461166736,0.0304361546796083,0.00362337909355885,0.00362337909355885,0.00362337909355885,0.00362337909355885
broken_bar_2,0.00159316601115389,-0.0409297849734152,0.0314815612450264,-0.00564328484296396,0.0317581908382836,0.0552910675010861,0.0314683525728775,0.0039886785918462,0.0039886785918462,0.0039886785918462,0.0039886785918462
broken_bar_2,0.00151337939049032,-0.0431496548817983,0.0322180321082203,-0.00641058873493522,0.031614617261751,0.0548092256650161,0.0319436190674863,0.00477268966106409,0.00477268966106409,0.00477268966106409,0.00477268966106409
broken_bar_2,0.0016493373488407,-0.0439410061004726,0.0318278182133955,-0.00504088556462991,0.0315737364704095,0.0562968049212728,0.031997752608843,0.00553756030042072,0.00553756030042072,0.00553756030042072,0.00553756030042072
broken_bar_2,0.00160542538756949,-0.0413768188380678,0.0314672803897975,-0.00601757402467218,0.0310726170754248,0.0552574687485259,0.0314772011045235,0.00419238568737082,0.00419238568737082,0.00419238568737082,0.00419238568737082
broken_bar_2,0.00169075292102365,-0.0410833321741845,0.0303905503368898,-0.00636509867260624,0.0303555763673185,0.0547801724127399,0.0302765021024321,0.00467212476705046,0.00467212476705046,0.00467212476705046,0.00467212476705046
broken_bar_2,0.001650415228439,-0.0443738621819241,0.0321693687586789,-0.00404765277983732,0.0323133553033808,0.0567635368518642,0.0322888263429099,0.00355414392108716,0.00355414392108716,0.00355414392108716,0.00355414392108716
broken_bar_2,0.00157235015740744,-0.0427668359696447,0.0290127048484582,-0.00723466966944576,0.0291689775371687,0.0534367438161238,0.0286788926164559,0.00361707548376243,0.00361707548376243,0.00361707548376243,0.00361707548376243
broken_bar_2,0.00160024112951146,-0.0444509746112217,0.0313591957707572,-0.00578301150298802,0.0307738082423964,0.0554218680124288,0.031348861470275,0.00574337323270714,0.00574337323270714,0.00574337323270714,0.00574337323270714
broken_bar_2,0.00165503831586013,-0.0431808345878774,0.0305108953422632,-0.00578994817205259,0.0304591960978325,0.0554734482501144,0.0305406182582669,0.0055076688445701,0.0055076688445701,0.0055076688445701,0.0055076688445701
broken_bar_2,0.00160400800911895,-0.0452026098104201,0.032021422756003,-0.00529718075698152,0.0309711757291193,0.0559386866252648,0.0314874731943453,0.00605675982592879,0.00605675982592879,0.00605675982592879,0.00605675982592879
broken_bar_2,0.0016232897493296,-0.045103557029037,0.031241688153123,-0.00498729491255076,0.0310092256026963,0.0558088507007299,0.0310237213510132,0.00569476385178622,0.00569476385178622,0.00569476385178622,0.00569476385178622
broken_bar_2,0.00154673514605943,-0.046368325158429,0.0308585765620594,-0.00691680503828483,0.030471642132759,0.0539585130651167,0.030765038059208,0.00595261588467802,0.00595261588467802,0.00595261588467802,0.00595261588467802
broken_bar_2,0.00157953496962469,-0.045934247594556,0.0317941084781056,-0.00613547683448184,0.0312470125218709,0.0548116313606231,0.0312171365725096,0.00567345779363514,0.00567345779363514,0.00567345779363514,0.00567345779363514
broken_bar_2,0.00161308016997797,-0.0421385473706615,0.0336303402614531,-0.00527839605635381,0.0326436276590381,0.0561606458851936,0.0334206003341586,0.00545571200485933,0.00545571200485933,0.00545571200485933,0.00545571200485933
broken_bar_2,0.00157577628052008,-0.0449945169248545,0.0310094342569348,-0.00701236233314062,0.0305287050546088,0.0541657525597382,0.0310035521900544,0.00560566477536686,0.00560566477536686,0.00560566477536686,0.00560566477536686
broken_bar_2,0.00153360991048332,-0.0440804456223985,0.030091608140714,-0.00796291959644571,0.02966346428522,0.0530949557308639,0.0298103741345518,0.00544987292667901,0.00544987292667901,0.00544987292667901,0.00544987292667901
broken_bar_2,0.00158081457414435,-0.0429425964328954,0.0303727909291063,-0.00670169135642142,0.0300571859012303,0.0545136525775652,0.0304762822009482,0.00572482473918352,0.00572482473918352,0.00572482473918352,0.00572482473918352
broken_bar_2,0.00191001733017327,-0.047533178844856,0.0325747524358898,-0.00326657369037367,0.0328436152819916,0.0577242502005058,0.0330224357933617,0.0053881370019569,0.0053881370019569,0.0053881370019569,0.0053881370019569
broken_bar_2,0.00193923823988828,-0.0438094601997197,0.0322226321683593,-0.00371616140381667,0.0315963001726245,0.0578303942839601,0.032204534703032,0.00522857183654286,0.00522857183654286,0.00522857183654286,0.00522857183654286
broken_bar_2,0.00166885513040154,-0.0445438599662906,0.0300946258353418,-0.00595099822762817,0.0294369372240434,0.0551108642642252,0.0300961240595242,0.00449591901510318,0.00449591901510318,0.00449591901510318,0.00449591901510318
broken_bar_2,0.00192274690444515,-0.0435386566914227,0.0329993952205723,-0.00295681256900753,0.033146294489096,0.0582072247323129,0.0331918429367167,0.00480157429220341,0.00480157429220341,0.00480157429220341,0.00480157429220341
broken_bar_2,0.00180095687455722,-0.047141480691182,0.032112079575931,-0.00295687612556379,0.0321482299640428,0.0579790441458882,0.0322509623678756,0.00492374742793565,0.00492374742793565,0.00492374742793565,0.00492374742793565
broken_bar_2,0.00180704372593688,-0.0429677414591608,0.0312164004359322,-0.00397970343510298,0.0312028496372496,0.057146085815894,0.0312586767594529,0.00514889102477371,0.00514889102477371,0.00514889102477371,0.00514889102477371
broken_bar_2,0.0017833636476312,-0.0439787151618272,0.0313470792951979,-0.00406691235805208,0.0313405895547938,0.0569946253676532,0.0313740566162694,0.00572460409339152,0.00572460409339152,0.00572460409339152,0.00572460409339152
broken_bar_2,0.00195878044518275,-0.046492875944377,0.0323514269479051,-0.00222535225426443,0.0317776010876118,0.059100883656629,0.0325558307919592,0.00603559636648275,0.00603559636648275,0.00603559636648275,0.00603559636648275
broken_bar_2,0.0018198655179347,-0.0439968433780371,0.0325129842384741,-0.00349149029554395,0.0320708230342532,0.0579235004512061,0.0323283904015542,0.00467336339010724,0.00467336339010724,0.00467336339010724,0.00467336339010724
broken_bar_2,0.00181796537058416,-0.046511559885575,0.0304315167359303,-0.00445489570715294,0.0298614072560073,0.0567839309383422,0.0305562101528776,0.00509238423072,0.00509238423072,0.00509238423072,0.00509238423072
broken_bar_3,0.00223065093608135,-0.0579658517564824,0.0321093505376788,0.00655089626340937,0.0319898581049526,0.0675395538698695,0.0326080976029694,0.00563184203120003,0.00563184203120003,0.00563184203120003,0.00563184203120003
broken_bar_3,0.00264274527142586,-0.0635165142736477,0.0341604320397347,0.0111221997802763,0.0345629476487208,0.0717918212698864,0.0345211566278046,0.00497896628947368,0.00497896628947368,0.00497896628947368,0.00497896628947368
broken_bar_3,0.00259374186006548,-0.0643954673910681,0.0327070190702982,0.0102373663846933,0.0354003388249777,0.0710518324871186,0.0351542217181691,0.00453029660411123,0.00453029660411123,0.00453029660411123,0.00453029660411123
broken_bar_3,0.00260094615719125,-0.0576673797167988,0.0326147210830797,0.0102208571159934,0.0320197953471617,0.0711744593350618,0.0322802915058017,0.00537507870795043,0.00537507870795043,0.00537507870795043,0.00537507870795043
broken_bar_3,0.00185757624835811,-0.0522689155224336,0.0332256378718077,0.00188062276622274,0.0331673363645698,0.0629069574813878,0.0334306857188376,0.00552807746097003,0.00552807746097003,0.00552807746097003,0.00552807746097003
broken_bar_3,0.00208746176389043,-0.0579193245103163,0.0289890097075555,0.00370622344587301,0.0288319594985413,0.0645003410217087,0.0290351357400868,0.00476412018222857,0.00476412018222857,0.00476412018222857,0.00476412018222857
broken_bar_3,0.0021750297617428,-0.0607920268213439,0.0288439693233287,0.00389765477105196,0.0312609845139684,0.0648888245686561,0.0311757321790739,0.00541102682901974,0.00541102682901974,0.00541102682901974,0.00541102682901974
broken_bar_3,0.00184302093262063,-0.0469015129294182,0.0287730669578487,-0.00104668917183159,0.0283542682631511,0.0598203966030399,0.0280522758649997,0.00523323250875021,0.00523323250875021,0.00523323250875021,0.00523323250875021
broken_bar_3,0.00205275650113488,-0.0513793278646868,0.0304526275747032,0.00309491199388506,0.0303467796916033,0.0640476533883172,0.0304562635607676,0.00588099591185279,0.00588099591185279,0.00588099591185279,0.00588099591185279
broken_bar_3,0.00201815243783977,-0.0526706933787746,0.0269721677042812,0.001471385442712,0.0275143858167168,0.0622840583478624,0.027520757442315,0.00513179972966507,0.00513179972966507,0.00513179972966507,0.00513179972966507
broken_bar_3,0.00216352991225251,-0.054386400583587,0.0324224555688566,0.00420068113486573,0.0324285133991318,0.0652436021766087,0.0326878485217282,0.00430121966405173,0.00430121966405173,0.00430121966405173,0.00430121966405173
broken_bar_3,0.00217439770994597,-0.0569352272318712,0.0325582486146837,0.00388089711172531,0.0328038621244935,0.0648885874444136,0.0332625694624534,0.00440207353055958,0.00440207353055958,0.00440207353055958,0.00440207353055958
broken_bar_3,0.00211697340022159,-0.054662119864735,0.0340950309456078,0.00456303952817101,0.0334686973647348,0.0655495039564085,0.033511252951086,0.00458137608781065,0.00458137608781065,0.00458137608781065,0.00458137608781065
broken_bar_3,0.00211695086396176,-0.0539741427962038,0.0312456843888119,0.00419027986233213,0.0317127405508426,0.0653954743437095,0.032014422643288,0.00372622935935239,0.00372622935935239,0.00372622935935239,0.00372622935935239
broken_bar_3,0.00205550015666375,-0.0528576787816107,0.0319970691855751,0.00226493326254067,0.0323682810015642,0.0629869143162852,0.032117799848399,0.00404705277791232,0.00404705277791232,0.00404705277791232,0.00404705277791232
broken_bar_3,0.00202830196283261,-0.0575715102070461,0.0317654472831873,0.00390941629282454,0.0319122201333062,0.064738990561554,0.0322069844841783,0.00493528953797389,0.00493528953797389,0.00493528953797389,0.00493528953797389
broken_bar_3,0.00201881202839155,-0.0488897288839068,0.0309125098749314,0.00196225610820843,0.0310304588873314,0.0629732203053121,0.0312101916092558,0.00369261844931179,0.00369261844931179,0.00369261844931179,0.00369261844931179
broken_bar_3,0.00205895227940028,-0.050039029937164,0.0303890560939977,0.000947945267019499,0.0299766484352637,0.0617421634419055,0.0303827885560848,0.00428353768515496,0.00428353768515496,0.00428353768515496,0.00428353768515496
broken_bar_3,0.0020298263962391,-0.0509263877065071,0.0295557060171176,0.00200832662575954,0.0297956651745947,0.0625594129524992,0.0295292988461716,0.00490021980169367,0.00490021980169367,0.00490021980169367,0.00490021980169367
broken_bar_3,0.00201313574366529,-0.0554065888491544,0.0338738725593097,0.00388351183882936,0.0343308621410743,0.0646316673402367,0.034214125170151,0.00461501332133082,0.00461501332133082,0.00461501332133082,0.00461501332133082
broken_bar_3,0.00194519234663255,-0.0500440383027309,0.0314178304506917,-0.000361425600066587,0.0308259464726454,0.0606884937058038,0.0311694931371961,0.00661704957644816,0.00661704957644816,0.00661704957644816,0.00661704957644816
broken_bar_3,0.00214935387095799,-0.0543180460418455,0.0320346745839295,0.00230054088677571,0.0324425669318517,0.0628841581615474,0.0323322964803584,0.00631440669903543,0.00631440669903543,0.00631440669903543,0.00631440669903543
broken_bar_3,0.00207511759748774,-0.0539157995268158,0.0321424525040281,0.00266732202154441,0.0321488846801265,0.0635232731427181,0.0318513976498028,0.00451095598855714,0.00451095598855714,0.00451095598855714,0.00451095598855714
broken_bar_3,0.00206361487234707,-0.0525213290296038,0.0331596148817354,0.00225156240260082,0.0334034980448212,0.0628280532166523,0.0332647639208363,0.0046006301961983,0.0046006301961983,0.0046006301961983,0.0046006301961983
broken_bar_3,0.00207677539149,-0.0516191324906897,0.0338232299702758,0.00324552262595822,0.0339279471322481,0.0640737710127171,0.033948688942045,0.00402382803001573,0.00402382803001573,0.00402382803001573,0.00402382803001573
broken_bar_3,0.00212918131261961,-0.0484188907185168,0.0319602008110197,0.00188900313952936,0.0319145680331932,0.0628185612367877,0.0320023695546467,0.0044532001002553,0.0044532001002553,0.0044532001002553,0.0044532001002553
broken_bar_3,0.00216859984193773,-0.050738195221291,0.034396563022988,0.0040153978299729,0.0344688884981551,0.0653247439745892,0.0348586826209275,0.00421334555604542,0.00421334555604542,0.00421334555604542,0.00421334555604542
broken_bar_3,0.00217904296710698,-0.0520915698790263,0.0335577122037933,0.00489066509577637,0.034163464796312,0.0655923084056157,0.0337353474548576,0.00388524934512246,0.00388524934512246,0.00388524934512246,0.00388524934512246
broken_bar_3,0.00193097437513329,-0.0495891807771313,0.0339920726092019,0.00103928443068481,0.0335543844262014,0.0617364202046492,0.0334929621715561,0.0055766589678696,0.0055766589678696,0.0055766589678696,0.0055766589678696
broken_bar_3,0.00205212544994652,-0.0541212832459756,0.0349457730319311,0.00300907171212278,0.0344054441837899,0.0642688856640993,0.0350106892894181,0.00594353853312721,0.00594353853312721,0.00594353853312721,0.00594353853312721
broken_bar_3,0.00199783034561798,-0.0513000037097789,0.0317834847254677,-0.00114208786809318,0.0312056849644084,0.0598327014423332,0.0313230938816359,0.00488024067800964,0.00488024067800964,0.00488024067800964,0.00488024067800964
broken_bar_3,0.00197230918534175,-0.0514244732528657,0.0319183777611455,0.000575787530893473,0.0322383153406669,0.061142193626723,0.0320617690582027,0.00439897866315679,0.00439897866315679,0.00439897866315679,0.00439897866315679
broken_bar_3,0.00185116986847424,-0.0502453455491629,0.0309403845645092,-0.00108231172844747,0.0311446559709072,0.0597493948727525,0.031319327912305,0.0042689101978291,0.0042689101978291,0.0042689101978291,0.0042689101978291
broken_bar_3,0.00192651205632379,-0.0504567073163992,0.0311547548451245,2.01757471058744e-05,0.0312096995622748,0.0607805724979806,0.0311948553227378,0.00427536416166395,0.00427536416166395,0.00427536416166395,0.00427536416166395
broken_bar_3,0.00186836849012778,-0.0481973463770275,0.0314788733991985,-0.000390989294008767,0.0320124878568241,0.0601011830409858,0.0315505763432975,0.00433421740869216,0.00433421740869216,0.00433421740869216,0.00433421740869216
broken_bar_3,0.00195384423697255,-0.0510133010741962,0.0340020708780673,0.000375269177079349,0.0341901042369084,0.0611131153438748,0.0340038068186781,0.00431012499596659,0.00431012499596659,0.00431012499596659,0.00431012499596659
broken_bar_3,0.00189998731524853,-0.0486181038778578,0.0330324603424342,-0.000734596259857145,0.0328756827948585,0.0599904797324997,0.0330843342608022,0.00403834622251712,0.00403834622251712,0.00403834622251712,0.00403834622251712
broken_bar_3,0.00185262400649312,-0.0477826417593485,0.032459946365506,-0.000138314795969669,0.0329363536568284,0.0605618858767074,0.0324709032711265,0.00431898266405141,0.00431898266405141,0.00431898266405141,0.00431898266405141
broken_bar_3,0.00178972470293753,-0.0479403193013831,0.0321491678609747,-0.00102152335467762,0.0318039099844571,0.0597584067721811,0.0320096089114263,0.00398087311012008,0.00398087311012008,0.00398087311012008,0.00398087311012008
broken_bar_3,0.00181266317479865,-0.0486118049065371,0.0318962017193433,-0.000569195832416491,0.0319324804176023,0.0600539879783269,0.031879460828855,0.00459705988086992,0.00459705988086992,0.00459705988086992,0.00459705988086992
broken_bar_3,0.00233368407340673,-0.0538802121050333,0.0356844308815497,0.00679751463220025,0.0356972343955695,0.0674631266810941,0.0355118230232224,0.00547736628670968,0.00547736628670968,0.00547736628670968,0.00547736628670968
broken_bar_3,0.00194131722633535,-0.0484179207165892,0.0314195189387985,-0.000673821731301127,0.0312722511444667,0.0601863469566275,0.031287798980046,0.00448716003601275,0.00448716003601275,0.00448716003601275,0.00448716003601275
broken_bar_3,0.00186304091867119,-0.0458285396327282,0.0338286648236159,-0.00178697895497944,0.0332139861237365,0.059638806389337,0.0336709638156378,0.00558854288389101,0.00558854288389101,0.00558854288389101,0.00558854288389101
broken_bar_3,0.00197537947189935,-0.0513314885513775,0.0329358027257043,0.00017518262311499,0.0328687725305254,0.0610021332664697,0.0330833729847001,0.00579492165011019,0.00579492165011019,0.00579492165011019,0.00579492165011019
broken_bar_3,0.00198438621094782,-0.0498964473098163,0.0347377463296134,0.00209544561468313,0.0344564537642934,0.063038855462899,0.0348528755434189,0.00664726332637133,0.00664726332637133,0.00664726332637133,0.00664726332637133
broken_bar_3,0.00210253013105596,-0.0506420551270214,0.0332789750128927,0.00111655950843873,0.0323559440178329,0.06231512210795,0.0330135579411688,0.00630742346670136,0.00630742346670136,0.00630742346670136,0.00630742346670136
broken_bar_3,0.00176122332518969,-0.0487769296699327,0.0308538524081776,-0.00245016976526834,0.0307859767463608,0.058455001344423,0.0310144052456103,0.00641416572328099,0.00641416572328099,0.00641416572328099,0.00641416572328099
broken_bar_3,0.0017428756710083,-0.0455164356386036,0.0323062100149713,-0.00249304039313961,0.0320672100845258,0.0583736499522842,0.0322909680685751,0.00554756562024218,0.00554756562024218,0.00554756562024218,0.00554756562024218
broken_bar_3,0.0024433816085389,-0.052398891689738,0.0375527397608243,0.00723374637187198,0.0369614869101453,0.0685689613569458,0.0374963613656335,0.00722323062132028,0.00722323062132028,0.00722323062132028,0.00722323062132028
broken_bar_3,0.00174612311487911,-0.0484641688632461,0.0310346369317181,-0.00250068850528887,0.0308933818746886,0.0581396747742263,0.0310024212698222,0.0064518932760461,0.0064518932760461,0.0064518932760461,0.0064518932760461
broken_bar_3,0.00225979250913433,-0.0534153711873875,0.0374550428137784,0.00528749206217834,0.0372527536655131,0.0664076301350781,0.0374158619862784,0.00496089067168479,0.00496089067168479,0.00496089067168479,0.00496089067168479
broken_bar_3,0.00234590155198479,-0.0522632222401347,0.0371137027543229,0.00691293361709163,0.0372636600791765,0.067678390328122,0.0370964917140015,0.00429217515381785,0.00429217515381785,0.00429217515381785,0.00429217515381785
broken_bar_3,0.00222389657368483,-0.0514265777991889,0.037814237745434,0.00518251785298733,0.0376644403911062,0.0661034067013618,0.0380598811874195,0.00434872247027294,0.00434872247027294,0.00434872247027294,0.00434872247027294
broken_bar_3,0.00213965653511529,-0.0509599841036849,0.0347840513842865,0.00390819680935827,0.0349639532033688,0.064632747316595,0.0349390730457409,0.00489482853276448,0.00489482853276448,0.00489482853276448,0.00489482853276448
broken_bar_3,0.00209978337258336,-0.0571558256458527,0.034156007103379,0.000590144601117193,0.033434404894165,0.0613348802137849,0.033449963479484,0.00438774080459347,0.00438774080459347,0.00438774080459347,0.00438774080459347
broken_bar_3,0.00208811503524676,-0.0489881029009468,0.0355886252478601,0.00262492447645128,0.0355344804546629,0.0633827914814205,0.0355321710435679,0.00431465284795065,0.00431465284795065,0.00431465284795065,0.00431465284795065
broken_bar_3,0.00194033537728257,-0.0493202888330996,0.0340356490399211,0.000700771537662195,0.0333286191469761,0.0617544301131068,0.0336697322232326,0.00465696222536478,0.00465696222536478,0.00465696222536478,0.00465696222536478
broken_bar_3,0.00203960894224623,-0.0513564534827153,0.0348518773068794,0.00109942401639809,0.034789745150017,0.0619785916037274,0.0346919167597427,0.00514916379317982,0.00514916379317982,0.00514916379317982,0.00514916379317982
broken_bar_3,0.00219792164114641,-0.0521781903275432,0.0337860032213087,0.00269966634032518,0.0340624471111714,0.0632329644470347,0.0340823731869617,0.00442206756485818,0.00442206756485818,0.00442206756485818,0.00442206756485818
broken_bar_3,0.00209292437752447,-0.0553436433949797,0.0348593238472594,0.00232013027322894,0.0348574472635898,0.0629910643071774,0.0345326536671115,0.00580395571210734,0.00580395571210734,0.00580395571210734,0.00580395571210734
broken_bar_3,0.00228981666552699,-0.0565470748678699,0.0323427619743467,0.00276308790294157,0.0323225805580399,0.0637291867132466,0.0323455321052908,0.00616745563300798,0.00616745563300798,0.00616745563300798,0.00616745563300798
broken_bar_3,0.00204577904863016,-0.0542528371526781,0.03145842275281,-1.94670005602415e-05,0.0316539467862536,0.0611649563756047,0.0321702365101789,0.0062797037835631,0.0062797037835631,0.0062797037835631,0.0062797037835631
broken_bar_3,0.00215644848766621,-0.0507702027920362,0.0340254771481546,0.00246055122421386,0.0341008700124302,0.0636551592864956,0.0345990295937597,0.00626223694590021,0.00626223694590021,0.00626223694590021,0.00626223694590021
broken_bar_3,0.00215081985581322,-0.0534170267918688,0.0323279921318018,0.00166529576229384,0.0318194601245713,0.0624331849430497,0.0320006288741724,0.00606593891051233,0.00606593891051233,0.00606593891051233,0.00606593891051233
broken_bar_3,0.00236452343113904,-0.0523399858401322,0.0371447685807953,0.00663815370205432,0.0366905331726082,0.0675608087216096,0.0370624858532704,0.00686606676300294,0.00686606676300294,0.00686606676300294,0.00686606676300294
broken_bar_3,0.00210461976365295,-0.0541582607151328,0.0345328050995012,0.000696194078259247,0.03319330484631,0.0615950845452343,0.0332707092450447,0.00705274309927178,0.00705274309927178,0.00705274309927178,0.00705274309927178
broken_bar_3,0.00219704216905386,-0.0509139251013591,0.0327253441941391,0.00293501882979367,0.0325652749080733,0.0636798856208635,0.0327827773761497,0.0062367069822155,0.0062367069822155,0.0062367069822155,0.0062367069822155
broken_bar_3,0.00203697552944927,-0.0495531146292467,0.0336802635007234,0.000375292558826708,0.0331604586176106,0.0614097574051224,0.0336686681244025,0.00642417235464519,0.00642417235464519,0.00642417235464519,0.00642417235464519
broken_bar_3,0.0023949476194475,-0.0541763794445444,0.0344593231528696,0.00492164007075919,0.0336855068090003,0.0657725304752259,0.034041866071205,0.00636066593501399,0.00636066593501399,0.00636066593501399,0.00636066593501399
broken_bar_3,0.0021955658767721,-0.053180266302709,0.0344300790805082,0.00387781448320184,0.0341618804113969,0.0649396602104512,0.0344951726884751,0.00596121593665553,0.00596121593665553,0.00596121593665553,0.00596121593665553
broken_bar_3,0.00358317904349451,-0.070292556110559,0.0452827214125417,0.0206379547506919,0.0457696493621257,0.0814806527877505,0.0457352839388918,0.0040255126352103,0.0040255126352103,0.0040255126352103,0.0040255126352103
broken_bar_3,0.00397721937765212,-0.0694598118213234,0.0490530453589691,0.0263435038399089,0.0489846012060607,0.0871216081786538,0.0490464030383618,0.00408576789898754,0.00408576789898754,0.00408576789898754,0.00408576789898754
broken_bar_3,0.00424362807920574,-0.0709465079472265,0.0449809829690718,0.0255236517781926,0.044501194046285,0.0868789533927207,0.0449393660400193,0.00529144958426087,0.00529144958426087,0.00529144958426087,0.00529144958426087
broken_bar_3,0.00405763014419958,-0.0650319714224827,0.0470784965521968,0.0254339161430423,0.0471931524553934,0.0863987718274581,0.0470541304847727,0.00498148666407347,0.00498148666407347,0.00498148666407347,0.00498148666407347
broken_bar_3,0.00512176027147787,-0.0741492759978076,0.0489363494071468,0.0340270293539299,0.0494046568051876,0.0948620563254109,0.0490520801659665,0.00398295414602448,0.00398295414602448,0.00398295414602448,0.00398295414602448
broken_bar_3,0.00392952235736807,-0.0649088166324091,0.0472200885501407,0.0247350690970886,0.047464660634148,0.0857218922670306,0.0471094699793033,0.00456520134558234,0.00456520134558234,0.00456520134558234,0.00456520134558234
broken_bar_3,0.0044671444758878,-0.0752520615677947,0.0500418770656802,0.030779959794747,0.0495355633756565,0.0916457713692676,0.0502426740230233,0.0049810979154291,0.0049810979154291,0.0049810979154291,0.0049810979154291
broken_bar_3,0.0043238217255816,-0.0728651987706722,0.0480704984626551,0.0276053855470859,0.0473202234745462,0.0884622540242865,0.0473724274806868,0.00537838440278781,0.00537838440278781,0.00537838440278781,0.00537838440278781
broken_bar_3,0.00482108796837137,-0.0721152753382275,0.0500077536895645,0.0314199515594658,0.0498150373991742,0.0923459145355262,0.0499410225551,0.00462693223434301,0.00462693223434301,0.00462693223434301,0.00462693223434301
broken_bar_3,0.00434323357750353,-0.0703554513481285,0.0484871661676983,0.0271816420827988,0.0483630188831047,0.0881025979161928,0.0481864213146644,0.00543517696455813,0.00543517696455813,0.00543517696455813,0.00543517696455813
broken_bar_4,0.0053942132881863,-0.0860600572208769,0.049373812695015,0.0380824804427237,0.0505734223899352,0.098787084103384,0.0501907357095026,0.00948754174363216,0.00948754174363216,0.00948754174363216,0.00948754174363216
broken_bar_4,0.00473982194878022,-0.0814590332490646,0.0522885675147054,0.0339896163757133,0.0521037697086765,0.0955089523249305,0.0521551936690203,0.00982953405586133,0.00982953405586133,0.00982953405586133,0.00982953405586133
broken_bar_4,0.00373608225557771,-0.0646587496754478,0.0482863964278591,0.0257469806233369,0.04765717673415,0.0873690368085452,0.0483221391898842,0.00777998509218813,0.00777998509218813,0.00777998509218813,0.00777998509218813
broken_bar_4,0.00516769825880529,-0.0822441903677079,0.0526502857385885,0.0379687420807217,0.054016062918468,0.0987049525364742,0.053656365100787,0.00800708993266713,0.00800708993266713,0.00800708993266713,0.00800708993266713
broken_bar_4,0.00577321720296271,-0.0831772433248548,0.0535465082582813,0.0416408997013742,0.0507505357444919,0.10273353766498,0.0514505502892192,0.00557556644374996,0.00557556644374996,0.00557556644374996,0.00557556644374996
broken_bar_4,0.00355064593621969,-0.0686856853613057,0.0495832195485143,0.0254441856213605,0.0486069135614252,0.0861109252462562,0.048419459786098,0.0079342911368839,0.0079342911368839,0.0079342911368839,0.0079342911368839
broken_bar_4,0.00332734587213547,-0.0723133577714045,0.0460173754534434,0.0228261366756689,0.0444698982025118,0.0838279278191901,0.0447634657203565,0.00786539084153092,0.00786539084153092,0.00786539084153092,0.00786539084153092
broken_bar_4,0.0033118117688474,-0.0658817797458729,0.0425180003874218,0.0215467831445997,0.0426264753231995,0.0821715960203798,0.0426677442011136,0.00891475646685013,0.00891475646685013,0.00891475646685013,0.00891475646685013
broken_bar_4,0.00542864590631578,-0.0841468759551571,0.0506748126641794,0.0393490513680231,0.0535797349529262,0.100412999408431,0.0536037295249684,0.00808095534077432,0.00808095534077432,0.00808095534077432,0.00808095534077432
broken_bar_4,0.00335807599223148,-0.0728407592120059,0.0452895588346702,0.0218675849626489,0.0435788594301143,0.0830464899304897,0.0434278735588074,0.00967264499714674,0.00967264499714674,0.00967264499714674,0.00967264499714674
broken_bar_4,0.00577234972972157,-0.0964301330451779,0.0470266818016528,0.0415394314635719,0.0506783578908996,0.102218084595985,0.0500878909293102,0.0108958059729539,0.0108958059729539,0.0108958059729539,0.0108958059729539
broken_bar_4,0.00530434628009278,-0.0836715525907451,0.0502984731528957,0.0447956810397935,0.0497663667524485,0.106405414135929,0.0500803027560439,0.012822731174683,0.012822731174683,0.012822731174683,0.012822731174683
broken_bar_4,0.00539081855240474,-0.0896570214914432,0.0483744691108546,0.0430706394541245,0.0509854975035418,0.10454263672754,0.0515491002338197,0.0132082974727642,0.0132082974727642,0.0132082974727642,0.0132082974727642
broken_bar_4,0.00539721304491674,-0.0847591566165534,0.0497912891446372,0.0452870646029236,0.0510860647609802,0.106349273497592,0.0505677077977752,0.0114128770909354,0.0114128770909354,0.0114128770909354,0.0114128770909354
broken_bar_4,0.00596958507297101,-0.0801362942498552,0.0486115684723586,0.0423103049709304,0.048178397410956,0.103826801583274,0.048510125201499,0.0126200543055751,0.0126200543055751,0.0126200543055751,0.0126200543055751
broken_bar_4,0.0052419242480174,-0.0862460263140118,0.049875172843346,0.0449784888393661,0.0501130478595645,0.105822285868262,0.0502436351983011,0.0123819194359585,0.0123819194359585,0.0123819194359585,0.0123819194359585
broken_bar_4,0.00605619558769371,-0.0915677435480575,0.0503389462965886,0.0420547496468772,0.0514787029610474,0.102914219529032,0.0514072107318427,0.0114117682172597,0.0114117682172597,0.0114117682172597,0.0114117682172597
broken_bar_4,0.00569056055399113,-0.0826707515342092,0.0509457474276055,0.0421940894248864,0.0516225928642989,0.103074693060584,0.0518965612652238,0.0133467902972835,0.0133467902972835,0.0133467902972835,0.0133467902972835
broken_bar_4,0.0056094050205753,-0.0868928488652383,0.0492109618553699,0.0394755060620883,0.0493551364693447,0.100213234008337,0.0494150670984541,0.0131885195493899,0.0131885195493899,0.0131885195493899,0.0131885195493899
broken_bar_4,0.00557887761345791,-0.0931686620372782,0.0468450709093886,0.0428734018646635,0.0498287442489584,0.103650407413677,0.0499535819480686,0.0126393087868191,0.0126393087868191,0.0126393087868191,0.0126393087868191
broken_bar_4,0.00512545974574552,-0.0873674198779149,0.0502510748712126,0.0397702953817697,0.0490365078777185,0.101069823987784,0.0497896021757143,0.011483355611342,0.011483355611342,0.011483355611342,0.011483355611342
broken_bar_4,0.00530405572174584,-0.0794794841431464,0.0489912202506591,0.0412529383416596,0.0487617903934547,0.102124933099936,0.0490345942033142,0.0140279341524391,0.0140279341524391,0.0140279341524391,0.0140279341524391
broken_bar_4,0.00558288366584045,-0.0813075946513782,0.0520064999483784,0.0430490996106995,0.0512640338912438,0.104573232928219,0.0520051423684566,0.0149573241300141,0.0149573241300141,0.0149573241300141,0.0149573241300141
broken_bar_4,0.00573245955991166,-0.084034346450135,0.0525918457357592,0.0459618289372637,0.0525951134510644,0.106655080109261,0.0522443282299958,0.0121076917355409,0.0121076917355409,0.0121076917355409,0.0121076917355409
broken_bar_4,0.005797355432785,-0.0847039666624649,0.0529334028571797,0.0468628258727569,0.0530479094081585,0.107531126278933,0.0532194054276547,0.0131886946401075,0.0131886946401075,0.0131886946401075,0.0131886946401075
broken_bar_4,0.00507240837050905,-0.0776227872723701,0.0501942540470195,0.0389787139748692,0.0497953300315747,0.0999714225473501,0.0499596262144254,0.0133347462649752,0.0133347462649752,0.0133347462649752,0.0133347462649752
broken_bar_4,0.00480099399739499,-0.074864623497526,0.0474160232243169,0.0359177184393892,0.0472504969273793,0.0972268003631953,0.0474114332155913,0.0116193284650282,0.0116193284650282,0.0116193284650282,0.0116193284650282
broken_bar_4,0.00567231629720401,-0.0845647903337022,0.0525789103425743,0.0465392200075227,0.0530686496078942,0.107850065912049,0.05319942200096,0.0121894996264682,0.0121894996264682,0.0121894996264682,0.0121894996264682
broken_bar_4,0.00598781258633252,-0.0841726152354255,0.0576305885287353,0.0499051181739163,0.0578190841210549,0.111006504047475,0.0576544887332316,0.0136225779689372,0.0136225779689372,0.0136225779689372,0.0136225779689372
broken_bar_4,0.00518836874005703,-0.0795211618330568,0.0493517388784874,0.0392035724988403,0.0489192391539043,0.100442090569263,0.0492355449600681,0.0121681651746425,0.0121681651746425,0.0121681651746425,0.0121681651746425
broken_bar_4,0.00542608777728373,-0.0853234851831176,0.0508180751396472,0.0428752943019736,0.0502537759044465,0.103996041954074,0.0507819373065811,0.010777684581823,0.010777684581823,0.010777684581823,0.010777684581823
broken_bar_4,0.00530689798567166,-0.0842033306692992,0.0505857680849827,0.0414261501280364,0.0504098513712195,0.102854209424698,0.0509246292192645,0.0113299060872092,0.0113299060872092,0.0113299060872092,0.0113299060872092
broken_bar_4,0.00549288504752048,-0.0866395487428885,0.0507104501629806,0.0432313170831256,0.0504378510687833,0.104535419589522,0.0508761007158382,0.0123997350511006,0.0123997350511006,0.0123997350511006,0.0123997350511006
broken_bar_4,0.00533053933363657,-0.082622494603631,0.0492619897899477,0.0380778591764828,0.0490738637850962,0.0990663921452388,0.0490784216248603,0.0109978369786477,0.0109978369786477,0.0109978369786477,0.0109978369786477
broken_bar_4,0.00529546923504817,-0.0852305068520063,0.0501843349265841,0.0436500591903116,0.0494958959686447,0.10498070646941,0.0504752238776166,0.0119224594543853,0.0119224594543853,0.0119224594543853,0.0119224594543853
broken_bar_4,0.00547766119179369,-0.0811530271958603,0.0550946229691125,0.0441304027068472,0.0544957479394881,0.105117286895425,0.0546034901862084,0.0121785887047504,0.0121785887047504,0.0121785887047504,0.0121785887047504
broken_bar_4,0.00526421018639177,-0.0788100763580025,0.051000702820052,0.0419292691059773,0.0505763512457687,0.103495396568717,0.0509625949429618,0.0108558541199213,0.0108558541199213,0.0108558541199213,0.0108558541199213
broken_bar_4,0.00532240102445945,-0.0847585030183715,0.0542138835614886,0.0434529501524555,0.0545054476237778,0.104432594330595,0.0545726547438457,0.0111364059428727,0.0111364059428727,0.0111364059428727,0.0111364059428727
broken_bar_4,0.00543201676839072,-0.0858177467550851,0.0546985636884372,0.0439625381744687,0.054452897409827,0.105069392688712,0.0545832432065539,0.0115669913087082,0.0115669913087082,0.0115669913087082,0.0115669913087082
broken_bar_4,0.00603349240701801,-0.0863899212231896,0.0522022653598124,0.0399218095716831,0.052740012831551,0.100927167868453,0.0523723108575846,0.0117415474562446,0.0117415474562446,0.0117415474562446,0.0117415474562446
broken_bar_4,0.00669599104107816,-0.0891391374138033,0.0517432332999634,0.049751749883403,0.0517331661314723,0.110576576571281,0.0519095691441715,0.0149828638578736,0.0149828638578736,0.0149828638578736,0.0149828638578736
broken_bar_4,0.00654987439031223,-0.0883329743506845,0.0509469979821511,0.0483176116814304,0.0513422572806242,0.109454500621814,0.0516058468600715,0.0144865099476332,0.0144865099476332,0.0144865099476332,0.0144865099476332
broken_bar_4,0.00653864668717172,-0.0848451639540025,0.053749927884745,0.0488659184277641,0.0533996196021743,0.110501066446962,0.0537889667352377,0.0155808217774585,0.0155808217774585,0.0155808217774585,0.0155808217774585
broken_bar_4,0.00618416583498895,-0.0852988861258182,0.0528622870846937,0.0474570132411433,0.0533650632320622,0.109013248569301,0.0532951156224787,0.0139899483383202,0.0139899483383202,0.0139899483383202,0.0139899483383202
broken_bar_4,0.00623797719874846,-0.0848961022644387,0.0552150763902741,0.0485578374836534,0.0544873769993106,0.110197041439305,0.0549685148102656,0.0151772552662866,0.0151772552662866,0.0151772552662866,0.0151772552662866
broken_bar_4,0.00607129076884965,-0.0896594708434574,0.0549043161225531,0.0472806983196235,0.055618408081229,0.108351633409398,0.0553010842820192,0.0148804810713581,0.0148804810713581,0.0148804810713581,0.0148804810713581
broken_bar_4,0.0061497882573228,-0.0802105870200375,0.0515351599130597,0.0426735156338444,0.0519178164117994,0.104252066671271,0.0517595972661882,0.0144583626392546,0.0144583626392546,0.0144583626392546,0.0144583626392546
broken_bar_4,0.00618347563702556,-0.0889616109095261,0.0551154360947473,0.046499493155308,0.0545941119457064,0.107449689837034,0.0552098509971627,0.0139758410278128,0.0139758410278128,0.0139758410278128,0.0139758410278128
broken_bar_4,0.0066276048137799,-0.0845178686193685,0.0557232514504119,0.0484956246775481,0.0551252638658025,0.110137079552264,0.0556375999292842,0.0144149352776552,0.0144149352776552,0.0144149352776552,0.0144149352776552
broken_bar_4,0.00582197766018863,-0.0848875057371246,0.053699692685065,0.0452618791250437,0.0540212500057154,0.105974657544084,0.0539367097460997,0.013783896761682,0.013783896761682,0.013783896761682,0.013783896761682
broken_bar_4,0.00656299975973992,-0.0836689646689369,0.0585463394531142,0.0464707484192902,0.0588576361215151,0.108172026192964,0.0593536366839753,0.0118488298044116,0.0118488298044116,0.0118488298044116,0.0118488298044116
broken_bar_4,0.0064082326141636,-0.083883277696526,0.053343775697184,0.0476881470519593,0.053325340822761,0.10895675794835,0.0533461647272225,0.0118221551089046,0.0118221551089046,0.0118221551089046,0.0118221551089046
broken_bar_4,0.00662548383539296,-0.0876933765185722,0.0529006685375204,0.0445109218399716,0.053027858462867,0.105715003902666,0.0532535756741744,0.0112067225986766,0.0112067225986766,0.0112067225986766,0.0112067225986766
broken_bar_4,0.00660304601944106,-0.0840946618379239,0.0552006576362847,0.0445379617191232,0.0550574533796973,0.105608441837206,0.0551552587220364,0.0130046646545326,0.0130046646545326,0.0130046646545326,0.0130046646545326
broken_bar_4,0.00684669569043345,-0.086415195100979,0.0558089559782807,0.0505349104528581,0.0560941364339387,0.111825250203572,0.0559757198654279,0.0116920348514478,0.0116920348514478,0.0116920348514478,0.0116920348514478
broken_bar_4,0.00638689541920929,-0.0851629383155602,0.0572754122597647,0.0443382692698406,0.0567771609320894,0.105415735271817,0.0567775796967332,0.0114708082877978,0.0114708082877978,0.0114708082877978,0.0114708082877978
broken_bar_4,0.00639971438279616,-0.0889232351557065,0.0558044211054764,0.0449632985838423,0.0558721714485911,0.106010734337729,0.0560517872265395,0.011984238110386,0.011984238110386,0.011984238110386,0.011984238110386
broken_bar_4,0.00655254346251373,-0.0882948666455622,0.0526128134622377,0.0452721400510645,0.0519747068442638,0.106467284853822,0.0524653852696509,0.0123902530351715,0.0123902530351715,0.0123902530351715,0.0123902530351715
broken_bar_4,0.00673089009772926,-0.0809795204448511,0.0560104595452075,0.0430646679921733,0.055759152415525,0.104396660223326,0.0558972693900526,0.0112472056129962,0.0112472056129962,0.0112472056129962,0.0112472056129962
broken_bar_4,0.00624317217692124,-0.0835307183366776,0.0568586677079727,0.0454344013675117,0.0572775540282776,0.106849920658687,0.0578059778078412,0.0122214522437492,0.0122214522437492,0.0122214522437492,0.0122214522437492
broken_bar_4,0.00554397856476527,-0.0800458195408757,0.0511893133201707,0.0413519940969822,0.0511348767391103,0.10220959244024,0.0510422028706484,0.0166120963579789,0.0166120963579789,0.0166120963579789,0.0166120963579789
broken_bar_4,0.0056294595432903,-0.0790767590695811,0.0517231882882294,0.0404930464040651,0.0516831569808332,0.101843060365177,0.0517463936471169,0.0153443920446512,0.0153443920446512,0.0153443920446512,0.0153443920446512
broken_bar_4,0.00578627558671542,-0.0842548628814542,0.0528308278881182,0.0416733722725778,0.0525122168234409,0.102449103512327,0.0523009062632514,0.0160814788393721,0.0160814788393721,0.0160814788393721,0.0160814788393721
broken_bar_4,0.00590528160026971,-0.0843977156800246,0.0562332014921662,0.043609320850105,0.0553751039644735,0.105105406547397,0.0557892231816671,0.0164642258392188,0.0164642258392188,0.0164642258392188,0.0164642258392188
broken_bar_4,0.00608604038272095,-0.079778220898866,0.0547296284471652,0.0453317729800038,0.0543726526651518,0.106832290469246,0.0548650701180631,0.0167661763542706,0.0167661763542706,0.0167661763542706,0.0167661763542706
broken_bar_4,0.00628596766064539,-0.0835556960352962,0.0560062331472147,0.0468507603918174,0.0558966095880957,0.108022141920403,0.056106819807676,0.0168903339053046,0.0168903339053046,0.0168903339053046,0.0168903339053046
broken_bar_4,0.00663096758907636,-0.0847168220960588,0.0587696518307536,0.0487660973659491,0.0584617366045573,0.109907650207574,0.0584797827679693,0.0161543305610725,0.0161543305610725,0.0161543305610725,0.0161543305610725
broken_bar_4,0.00628603276197595,-0.0806259276529217,0.0511276756354959,0.0426054469394964,0.050556600286083,0.104004979623282,0.051030338322981,0.0166656235380084,0.0166656235380084,0.0166656235380084,0.0166656235380084
broken_bar_4,0.00640495779731418,-0.0807121773761171,0.0580965126301048,0.0455688566017511,0.0572799464107813,0.107125077281274,0.0575493734957786,0.0157229181946392,0.0157229181946392,0.0157229181946392,0.0157229181946392
broken_bar_4,0.00631778967103574,-0.0814038742239057,0.0558892679682636,0.0445955277616379,0.0556063732357571,0.105930372036034,0.0555600251541827,0.0152859341756255,0.0152859341756255,0.0152859341756255,0.0152859341756255
broken_bar_4,0.0059885244838412,-0.0774398180749257,0.0506497428066493,0.035352358697137,0.0504370369656645,0.096163337386582,0.0505598697746843,0.0149962741924972,0.0149962741924972,0.0149962741924972,0.0149962741924972
broken_bar_4,0.00600867466170853,-0.0821886849693729,0.0580919116076499,0.0425274657817152,0.0573957327686148,0.103905584991397,0.0580893864945015,0.0145120389016322,0.0145120389016322,0.0145120389016322,0.0145120389016322
broken_bar_4,0.00559616999962365,-0.0746163073974969,0.0537831989811445,0.0357572049555406,0.0529866092859062,0.097707251406346,0.0538862567952786,0.0143838145864929,0.0143838145864929,0.0143838145864929,0.0143838145864929
broken_bar_4,0.00577538314817298,-0.0785009580144035,0.0530382152145731,0.0376573757883259,0.0521022151935472,0.0991758141319641,0.0531157496911689,0.0143984908839564,0.0143984908839564,0.0143984908839564,0.0143984908839564
broken_bar_4,0.00564091500928164,-0.0771085246696755,0.0520745931088748,0.0350675883280311,0.0515588055844227,0.0959433130535292,0.051691089760069,0.014443238509366,0.014443238509366,0.014443238509366,0.014443238509366
broken_bar_4,0.00548564147430254,-0.0768512604365675,0.0516630232987297,0.0342388878779453,0.0507484401295293,0.0958717014920337,0.0512543852174321,0.0141640866243779,0.0141640866243779,0.0141640866243779,0.0141640866243779
broken_bar_4,0.00565048200417893,-0.0760750878066344,0.0502662187721561,0.034314875967706,0.0501203089187471,0.0954950358587371,0.050251573223025,0.0146825051607998,0.0146825051607998,0.0146825051607998,0.0146825051607998
broken_bar_4,0.0055528093923299,-0.0748160935284573,0.0514924196476751,0.0340500204333207,0.0512320954880332,0.0952791471718212,0.0514935293415671,0.0152180657057275,0.0152180657057275,0.0152180657057275,0.0152180657057275
broken_bar_4,0.00623998619371089,-0.0757599428052925,0.0546292830274001,0.0379892887159002,0.0544595170074593,0.0994880253038386,0.0546907171395793,0.0152680125163969,0.0152680125163969,0.0152680125163969,0.0152680125163969
broken_bar_4,0.0061057836623552,-0.0766138763290764,0.053965098284449,0.0347108729806049,0.0532398074693831,0.0955697467128736,0.0537032499971606,0.00948754174363216,0.00948754174363216,0.00948754174363216,0.00948754174363216
